"Month","Longitude","Latitude","Location","Crime.type","Postcode"
"2016-03",-5.949735,54.61899,"CLIFTONVILLE ROAD","Vehicle crime","BT146JN"
"2016-07",-5.963975,54.614118,"BALHOLM DRIVE","Bicycle theft","BT147NA"
"2016-11",-6.178905,54.720128,"SOMERSET PARK","Anti-social behaviour","BT513LH"
"2015-09",-6.472896,54.253896,"CUSHER GREEN","Criminal damage and arson","BT602TT"
"2015-02",-6.655898,54.352128,"LOWER ENGLISH STREET","Anti-social behaviour","BT617LJ"
"2017-12",-5.94261,54.607386,"HOPEWELL PLACE","Violence and sexual offences","BT131EJ"
"2016-01",-5.962425,54.609204,"BRAY STREET","Vehicle crime","BT133JB"
"2015-02",-5.818506,54.639419,"ARDMORE ROAD","Vehicle crime","BT666QP"
"2015-09",-6.662766,55.14153,"MAPLE DRIVE","Violence and sexual offences","BT522AR"
"2017-03",-5.660811,54.59399,"MOVILLA MEWS","Anti-social behaviour","BT238WN"
"2015-02",-6.43355,54.478274,"BALLYNERY NORTH ROAD","Violence and sexual offences","BT635RN"
"2017-07",-5.933509,54.60768,"CARLISLE ROAD","Public order","BT152PT"
"2017-04",-6.40621,54.43348,"LISNISKY LANE","Violence and sexual offences","BT635RB"
"2015-04",-6.085535,54.467843,"HILLCOURT","Burglary","BT266EU"
"2015-07",-5.929306,54.600232,"ROSEMARY STREET","Burglary","BT11QB"
"2017-04",-5.894924,54.601031,"SEVERN STREET","Burglary","BT41FB"
"2017-04",-6.930445,55.037233,"LOWRY PARK","Anti-social behaviour","BT490NX"
"2015-01",-6.00052,54.752033,"PARK STREET","Shoplifting","BT399DQ"
"2016-09",-5.952069,54.693604,"THE GLADE","Anti-social behaviour","BT365NW"
"2017-02",-7.734142,54.367525,"SPRINGFIELD ROAD","Criminal damage and arson","BT205BZ"
"2016-02",-6.071102,54.489034,"EGLANTINE CRESCENT","Other crime","BT275RH"
"2016-07",-5.744002,54.550859,"BRIDGE STREET","Violence and sexual offences","BT281XZ"
"2017-07",-7.276799,54.597829,"KNOCKGREENAN AVENUE","Violence and sexual offences","BT790EB"
"2015-11",-5.903841,54.590134,"WILLOWFIELD AVENUE","Violence and sexual offences","BT522NP"
"2017-08",-5.924165,54.614277,"YORK ROAD","Criminal damage and arson","BT153GU"
"2015-08",-6.060872,54.509832,"DONARD DRIVE","Anti-social behaviour","BT281UU"
"2016-02",-7.306849,54.598499,"FAIRMOUNT ROAD","Anti-social behaviour","BT781NA"
"2015-08",-6.411787,54.351435,"MILL STREET","Criminal damage and arson","BT941GR"
"2015-03",-7.320573,55.033892,"ELAGHMORE PARK","Other theft","BT488DX"
"2017-12",-5.671616,54.660862,"CENTRAL AVENUE","Anti-social behaviour","BT203AF"
"2016-04",-5.93155,54.602067,"NORTH STREET","Burglary","BT341DB"
"2016-09",-5.981575,54.594134,"WHITECLIFF PARADE","Violence and sexual offences","BT127JS"
"2015-07",-6.199761,54.719164,"QUEENS ROAD","Anti-social behaviour","BT39FB"
"2015-11",-5.705349,54.587889,"RAVARA CLOSE","Violence and sexual offences","BT234QB"
"2017-06",-5.668234,54.659557,"MARKET STREET","Anti-social behaviour","BT622BP"
"2017-09",-5.928781,54.631904,"MOUNT VERNON GARDENS","Burglary","BT154BQ"
"2015-09",-6.188752,54.709898,"FIRMOUNT DRIVE","Anti-social behaviour","BT411JN"
"2015-06",-5.934292,54.600173,"BERRY STREET","Other theft","BT11FJ"
"2015-08",-7.281825,54.609348,"KNOCKSHEE PARK","Anti-social behaviour","BT797PH"
"2015-06",-5.648462,54.482275,"WHITEROCK BAY","Other crime","BT236QA"
"2016-09",-6.941795,55.040395,"GLENVIEW DRIVE","Violence and sexual offences","BT490RZ"
"2016-03",-6.362021,54.371775,"WHINNY HILL","Violence and sexual offences","BT636HS"
"2017-03",-6.660962,54.345868,"NAVAN STREET","Criminal damage and arson","BT617EU"
"2016-03",-5.975336,54.592951,"WHITEROCK GARDENS","Anti-social behaviour","BT127PT"
"2017-09",-5.931754,54.598036,"FOUNTAIN STREET","Shoplifting","BT414BB"
"2015-04",-6.276755,54.863527,"BRIDGE STREET","Criminal damage and arson","BT281XZ"
"2015-02",-5.716809,54.313504,"VIANSTOWN HEIGHTS","Violence and sexual offences","BT306TF"
"2015-05",-7.30879,54.986101,"GELVIN GARDENS","Anti-social behaviour","BT472DQ"
"2016-05",-5.915174,54.555773,"NEWTOWNBREDA ROAD","Criminal damage and arson","BT87BP"
"2015-07",-5.935606,54.605101,"ALTON STREET","Anti-social behaviour","BT131AP"
"2016-07",-5.668506,54.659688,"MARKET STREET","Other theft","BT622BP"
"2017-07",-7.322647,54.991559,"ABERCORN PLACE","Anti-social behaviour","BT486SD"
"2017-05",-5.833981,54.642635,"STRAND MEWS","Anti-social behaviour","BT54TP"
"2016-08",-5.700602,54.578499,"LANCASTER WALK","Anti-social behaviour","BT234RD"
"2016-08",-6.76975,54.504095,"SCOTCH STREET","Shoplifting","BT306AN"
"2015-09",-6.278889,54.864986,"GEORGE STREET","Anti-social behaviour","BT666BL"
"2016-01",-5.94736,54.582219,"MELROSE STREET","Violence and sexual offences","BT97DP"
"2016-03",-6.210605,54.621295,"BALLYDONAGHY ROAD","Violence and sexual offences","BT294ER"
"2015-09",-6.767763,54.503446,"PARK ROAD","Violence and sexual offences","BT621BH"
"2015-02",-5.903241,54.596988,"TOWER STREET","Anti-social behaviour","BT54FH"
"2016-06",-6.658542,54.3555,"MOY ROAD","Anti-social behaviour","BT618DR"
"2016-04",-6.648958,55.13712,"REDTHORN COURT","Anti-social behaviour","BT522ET"
"2015-03",-6.689358,54.446048,"CHARLEMONT STREET","Other theft","BT717SL"
"2016-02",-6.943696,55.045433,"RATHBEG CRESCENT","Violence and sexual offences","BT490AT"
"2015-01",-5.794821,54.722327,"BARN ROAD","Anti-social behaviour","BT387EU"
"2015-09",-5.609377,54.310407,"BALLYHORNAN ROAD","Other crime","BT307AB"
"2017-08",-6.250091,54.098031,"OSBORNE PROMENADE","Vehicle crime","BT343NQ"
"2017-01",-6.328611,54.472484,"FILBIN CRESCENT","Vehicle crime","BT679EX"
"2017-01",-5.656794,54.63725,"CRONSTON COURT","Violence and sexual offences","BT197YU"
"2017-08",-5.902537,54.578476,"ONSLOW PARADE","Anti-social behaviour","BT60AS"
"2016-08",-7.322244,54.996974,"WATERLOO STREET","Criminal damage and arson","BT486HE"
"2016-04",-6.761183,54.512758,"DUNLEA VALE","Anti-social behaviour","BT714BA"
"2017-12",-5.930154,54.597254,"DONEGALL SQUARE NORTH","Anti-social behaviour","BT15GB"
"2016-04",-5.984055,54.561784,"UPPER LISBURN ROAD","Anti-social behaviour","BT100LA"
"2017-10",-6.275819,54.868688,"THOMAS STREET","Shoplifting","BT701HN"
"2016-11",-6.278043,54.861452,"QUEEN STREET","Anti-social behaviour","BT422BQ"
"2017-07",-6.062508,54.527136,"TYNEDALE PARK","Criminal damage and arson","BT283JU"
"2015-09",-6.272271,54.858046,"LARNE ROAD","Anti-social behaviour","BT423AX"
"2015-01",-5.934027,54.599306,"MARQUIS STREET","Burglary","BT234DX"
"2017-11",-6.506863,55.068876,"ARMOUR AVENUE","Criminal damage and arson","BT537AG"
"2015-04",-5.928964,54.570997,"PRINCE EDWARD GARDENS","Anti-social behaviour","BT95GD"
"2017-12",-5.868826,54.594913,"SANDOWN ROAD","Drugs","BT56GU"
"2017-08",-6.463146,54.423841,"DRUMCARN GARDENS","Violence and sexual offences","BT624DH"
"2016-04",-5.913647,54.5675,"ORMEAU ROAD","Burglary","BT73GA"
"2016-12",-5.938796,54.60476,"SHERBROOK CLOSE","Drugs","BT131ER"
"2017-02",-6.431276,54.430061,"GRANTHAM PARK","Burglary","BT635DU"
"2016-08",-6.221691,54.732991,"ARRAN STREET","Violence and sexual offences","BT412TB"
"2016-10",-6.717733,55.183093,"CHURCH STREET","Anti-social behaviour","BT343HN"
"2016-08",-6.144547,54.417829,"GALLOWS STREET","Anti-social behaviour","BT251BD"
"2016-03",-5.956359,54.59619,"SPRINGFIELD ROAD","Violence and sexual offences","BT205BZ"
"2016-01",-5.913227,54.603864,"QUEENS ROAD","Violence and sexual offences","BT39FB"
"2017-05",-5.705102,54.59146,"SPELGA PLACE","Drugs","BT344BX"
"2016-08",-5.928221,54.608794,"EARL CLOSE","Anti-social behaviour","BT151DF"
"2015-10",-6.659762,55.147399,"OAKVALE PARK","Violence and sexual offences","BT522QX"
"2017-07",-7.318164,55.021914,"CARNHILL","Drugs","BT488BA"
"2015-03",-5.945574,54.689226,"FAIRVIEW PARK","Anti-social behaviour","BT359SP"
"2015-07",-7.487817,54.526483,"DOOISH ROAD","Vehicle crime","BT784RE"
"2016-08",-6.333546,54.179102,"SANDYS STREET","Anti-social behaviour","BT341EN"
"2017-05",-5.934882,54.589437,"DONEGALL ROAD","Violence and sexual offences","BT126HN"
"2015-07",-5.919688,54.5764,"HAYPARK AVENUE","Anti-social behaviour","BT73FF"
"2016-09",-6.346465,54.460493,"ST. PAULS PLACE","Robbery","BT668RQ"
"2017-06",-7.257896,54.973449,"LISMACAROL PARK","Violence and sexual offences","BT473XT"
"2017-09",-7.34453,54.885449,"BALLYHEATHER ROAD","Burglary","BT820LD"
"2015-03",-6.351932,54.889618,"TOBAR PARK","Violence and sexual offences","BT421NN"
"2016-09",-6.654342,55.205424,"KERR STREET","Other theft","BT568DQ"
"2016-08",-7.349255,55.020386,"O'CONNOR COURT","Criminal damage and arson","BT480PT"
"2015-09",-7.286121,54.649493,"RYLAGH ROAD","Violence and sexual offences","BT797SY"
"2017-07",-5.93528,54.58585,"UNIVERSITY SQUARE MEWS","Violence and sexual offences","BT71JU"
"2017-07",-5.925203,54.602102,"VICTORIA STREET","Anti-social behaviour","BT679DG"
"2017-12",-7.63862,54.351501,"DRUMCOR HILL","Drugs","BT746BH"
"2015-04",-6.327916,54.162249,"TORAGH PARK","Anti-social behaviour","BT342QS"
"2015-03",-6.028008,54.53205,"BELLS LANE","Violence and sexual offences","BT274QH"
"2016-12",-5.923358,54.600947,"QUEENS SQUARE","Violence and sexual offences","BT13FF"
"2015-02",-6.769659,55.147597,"WOODEND PARK","Anti-social behaviour","BT514UY"
"2016-06",-6.054394,54.501569,"WOODLAND PARK","Criminal damage and arson","BT274PF"
"2015-09",-5.865014,54.58348,"KNOCK GREEN","Other theft","BT56GJ"
"2017-11",-6.447324,54.424609,"PARK ROAD","Anti-social behaviour","BT621BH"
"2015-04",-6.334305,54.477387,"ASHGROVE CLOSE","Anti-social behaviour","BT679BT"
"2016-10",-5.937835,54.586118,"CAMDEN STREET","Anti-social behaviour","BT96AT"
"2015-12",-7.278192,55.039828,"BALLYNAGARD CRESCENT","Violence and sexual offences","BT488JR"
"2015-12",-5.944429,54.583885,"MOUNT PROSPECT PARK","Anti-social behaviour","BT97BG"
"2015-02",-6.25737,54.395233,"BLACKSKULL ROAD","Anti-social behaviour","BT251JN"
"2016-06",-5.981579,54.602508,"BLACK MOUNTAIN WALK","Anti-social behaviour","BT133TX"
"2016-08",-5.705194,54.58129,"ANSON GARDENS","Violence and sexual offences","BT234RR"
"2015-08",-7.296888,54.995851,"LINCOLN COURT","Anti-social behaviour","BT475NX"
"2016-10",-5.946404,54.626103,"OLD WESTLAND ROAD","Anti-social behaviour","BT146TE"
"2015-11",-5.957396,54.671852,"CARNMONEY ROAD","Anti-social behaviour","BT366JR"
"2017-11",-7.638878,54.344809,"TOWNHALL STREET","Violence and sexual offences","BT747BD"
"2016-11",-6.376732,54.191022,"BRAMBLEWOOD","Drugs","BT357NW"
"2017-04",-5.483891,54.542023,"HARBOUR ROAD","Drugs","BT221EA"
"2017-11",-6.208458,54.892994,"MAIN STREET","Criminal damage and arson","BT936HW"
"2016-02",-5.928374,54.601518,"DONEGALL STREET","Drugs","BT12GQ"
"2015-07",-6.001683,54.563002,"GARNOCK HILL","Anti-social behaviour","BT100AW"
"2017-05",-6.322831,54.476519,"PORTLAND MANOR","Burglary","BT679NQ"
"2016-07",-5.993029,54.558825,"WILLIAM ALEXANDER PARK","Vehicle crime","BT100LW"
"2016-07",-5.890513,54.221934,"BURRENDALE PARK ROAD","Violence and sexual offences","BT330JE"
"2015-06",-7.31715,55.013509,"PENNYBURN COURT","Violence and sexual offences","BT480RT"
"2015-10",-7.321801,54.995453,"THE DIAMOND","Shoplifting","BT486PE"
"2016-01",-6.455928,54.417486,"GLANDORE TERRACE","Anti-social behaviour","BT623HW"
"2016-08",-5.744079,54.549746,"GILLESPIE COURT","Anti-social behaviour","BT235GL"
"2016-06",-6.046705,54.511284,"BOW STREET","Violence and sexual offences","BT281AW"
"2016-06",-6.28527,54.343916,"GOWANVALE DRIVE","Criminal damage and arson","BT323GD"
"2017-11",-6.835127,54.545322,"POMEROY ROAD","Anti-social behaviour","BT703DT"
"2017-09",-7.476564,54.306087,"TULLYHILL ROAD","Anti-social behaviour","BT944SU"
"2017-02",-6.217029,54.989268,"SUNVIEW PARK","Criminal damage and arson","BT436RU"
"2016-09",-6.200175,54.718235,"KILBEG WALK","Violence and sexual offences","BT411ER"
"2017-05",-6.682902,55.127251,"KYLEMORE ROAD","Burglary","BT513HG"
"2015-07",-7.173651,55.02418,"MILL PATH","Anti-social behaviour","BT473PP"
"2017-04",-6.262185,54.860444,"BARRA DRIVE","Anti-social behaviour","BT424AH"
"2016-09",-5.915754,54.690325,"MONKSTOWN GARDENS","Anti-social behaviour","BT370LW"
"2017-06",-5.793475,54.725106,"VICTORIA ROAD","Criminal damage and arson","BT41QU"
"2015-03",-5.960566,54.63026,"MEYRICK PARK","Violence and sexual offences","BT146PD"
"2016-09",-7.365978,54.684424,"GORTGRANAGH ROAD","Violence and sexual offences","BT784JH"
"2016-05",-5.700543,54.64844,"RAVARA GARDENS","Anti-social behaviour","BT191SD"
"2017-10",-6.377389,55.139861,"CHATHAM ROAD","Anti-social behaviour","BT538TT"
"2017-08",-6.220621,54.726237,"SPRINGFARM INDUSTRIAL ESTATE","Anti-social behaviour","BT414NT"
"2016-08",-5.960023,54.678509,"QUEENS GARDENS","Criminal damage and arson","BT365JA"
"2017-04",-5.713258,54.599432,"ASCOT PARK","Anti-social behaviour","BT56LW"
"2016-07",-6.020084,54.549567,"SUMMERHILL PARK","Criminal damage and arson","BT57HE"
"2016-02",-5.940628,54.549471,"KILWARLIN CRESCENT","Anti-social behaviour","BT87EN"
"2015-09",-7.325418,55.027515,"ALTCAR PARK","Criminal damage and arson","BT488HZ"
"2016-07",-5.655695,54.660645,"HAZELDENE DRIVE","Anti-social behaviour","BT522HJ"
"2017-09",-6.539593,54.737867,"BARRACK ROAD","Burglary","BT456LY"
"2016-03",-7.346019,55.024223,"TEMPLEGROVE","Burglary","BT480RF"
"2016-07",-6.332128,54.462263,"CASTLE LANE","Violence and sexual offences","BT235EB"
"2015-12",-6.007763,54.576247,"CORRIB AVENUE","Criminal damage and arson","BT119JB"
"2017-04",-6.059142,54.526462,"THORNHILL GARDENS","Anti-social behaviour","BT283EQ"
"2016-08",-5.93543,54.595116,"GLENGALL STREET","Violence and sexual offences","BT125AB"
"2015-11",-5.690867,54.591998,"GREENWELL STREET","Criminal damage and arson","BT237LP"
"2016-08",-6.362678,54.436051,"GARRYMORE","Anti-social behaviour","BT655JF"
"2015-03",-5.959336,54.610607,"MONTREAL STREET","Anti-social behaviour","BT133HS"
"2017-04",-5.924165,54.614277,"YORK ROAD","Anti-social behaviour","BT153GU"
"2015-09",-5.931345,54.624715,"PREMIER DRIVE","Other theft","BT153LX"
"2015-12",-7.319958,54.994473,"CARLISLE ROAD","Anti-social behaviour","BT152PT"
"2016-11",-6.611389,54.75596,"RAINEY STREET","Anti-social behaviour","BT455AH"
"2015-05",-6.369134,54.443083,"CLONMEEN","Violence and sexual offences","BT654AR"
"2015-05",-6.658372,55.207472,"HARBOUR ROAD","Violence and sexual offences","BT221EA"
"2016-11",-6.657977,54.346383,"CULDEE STREET","Violence and sexual offences","BT617EH"
"2017-03",-6.046056,54.552361,"MOUNT EAGLES AVENUE","Anti-social behaviour","BT170GT"
"2015-05",-5.951898,54.598738,"DEVENISH COURT","Anti-social behaviour","BT132LS"
"2015-06",-7.318992,54.995249,"NEWMARKET STREET","Criminal damage and arson","BT486EB"
"2015-03",-7.440998,54.189516,"KILLARD ROAD","Violence and sexual offences","BT307PQ"
"2015-06",-5.713303,54.315208,"ARDILEA PARK","Vehicle crime","BT306QA"
"2017-03",-5.976027,54.592118,"WHITEROCK GARDENS","Vehicle crime","BT127PT"
"2017-12",-6.818561,54.46083,"KILNACART ROAD","Violence and sexual offences","BT701PD"
"2015-04",-6.192257,54.509883,"WILLOW LODGE","Drugs","BT282WL"
"2016-12",-6.275549,54.849459,"OLD ANTRIM ROAD","Anti-social behaviour","BT422HG"
"2016-06",-5.96603,54.611079,"WOODVALE PARADE","Violence and sexual offences","BT133LH"
"2016-06",-6.27512,54.344293,"FORTHILL GREEN","Anti-social behaviour","BT323JE"
"2015-06",-5.969898,54.691919,"BALLYCLARE ROAD","Criminal damage and arson","BT365EA"
"2017-10",-5.950073,54.586703,"DUNLUCE AVENUE","Other theft","BT97AW"
"2017-02",-7.309002,54.996504,"BONDS PLACE","Anti-social behaviour","BT476EQ"
"2015-06",-5.931754,54.598036,"FOUNTAIN STREET","Shoplifting","BT414BB"
"2017-05",-5.933463,54.591192,"VENTRY LANE","Anti-social behaviour","BT27JS"
"2017-06",-5.928741,54.597032,"DONEGALL SQUARE EAST","Violence and sexual offences","BT15HD"
"2016-09",-6.664999,54.696335,"MAGHERAFELT ROAD","Criminal damage and arson","BT455PJ"
"2016-01",-5.969975,54.58907,"ROCKMOUNT STREET","Anti-social behaviour","BT127PE"
"2015-06",-6.35727,54.446777,"ARDOWEN","Violence and sexual offences","BT655EE"
"2017-10",-6.554446,54.295234,"MOUNTNAB ROAD","Other theft","BT602BQ"
"2017-03",-5.989629,54.572928,"RIVERDALE PARK EAST","Anti-social behaviour","BT119DA"
"2017-10",-6.664331,54.32022,"KEADY ROAD","Violence and sexual offences","BT603EW"
"2016-06",-7.668917,54.46981,"LISCREEVIN ROAD","Violence and sexual offences","BT941LN"
"2016-01",-6.029174,54.514908,"LOW ROAD","Anti-social behaviour","BT274TJ"
"2017-06",-7.320813,55.034442,"ELAGHMORE PARK","Anti-social behaviour","BT488DX"
"2015-04",-6.226574,54.723916,"CORAL CRESCENT","Other theft","BT414LW"
"2015-04",-5.934292,54.600173,"BERRY STREET","Anti-social behaviour","BT11FJ"
"2015-12",-7.320469,54.996614,"SHIPQUAY STREET","Violence and sexual offences","BT486DN"
"2015-12",-6.55493,54.953507,"ARDBANN AVENUE","Burglary","BT515QX"
"2016-10",-7.321274,55.008152,"ABERFOYLE CRESCENT SOUTH","Anti-social behaviour","BT487PF"
"2016-01",-5.934633,54.612075,"NEW LODGE ROAD","Criminal damage and arson","BT152EJ"
"2015-07",-5.661727,54.662756,"BEATRICE ROAD","Anti-social behaviour","BT205DG"
"2017-07",-6.420013,55.10932,"MILL COTTAGE WAY","Violence and sexual offences","BT538AX"
"2015-06",-5.639947,54.649422,"OAKTREE PARK","Violence and sexual offences","BT196WT"
"2015-09",-5.932455,54.594903,"CLARENCE STREET WEST","Vehicle crime","BT27GP"
"2015-01",-5.931179,54.593507,"BEDFORD STREET","Other theft","BT27EN"
"2017-05",-5.775367,54.729762,"JACKSON DRIVE","Violence and sexual offences","BT387NS"
"2015-09",-6.334938,54.458385,"UNION STREET","Violence and sexual offences","BT536HT"
"2015-09",-5.671433,54.6581,"ABBEY STREET","Violence and sexual offences","BT204JB"
"2017-04",-5.950158,54.601961,"NORTH HOWARD COURT","Anti-social behaviour","BT132AN"
"2016-09",-6.340907,54.174298,"CORN MARKET","Shoplifting","BT358BG"
"2016-11",-6.069324,54.524451,"BALLYMACASH DRIVE","Violence and sexual offences","BT283EU"
"2016-05",-7.318883,54.994278,"BRIDGE STREET","Shoplifting","BT281XZ"
"2015-12",-5.905869,54.589504,"GOTHA STREET","Anti-social behaviour","BT68JQ"
"2015-06",-6.196784,54.721905,"BIRCH HILL PARK","Vehicle crime","BT411DE"
"2016-05",-6.758904,54.514091,"DUNAVON PARK","Anti-social behaviour","BT716SQ"
"2015-08",-5.900765,54.587367,"OGILVIE STREET","Violence and sexual offences","BT68NH"
"2017-06",-6.623669,54.45671,"DERRYHIRK ROAD","Anti-social behaviour","BT716NH"
"2015-01",-5.889551,54.21224,"MAIN STREET","Anti-social behaviour","BT936HW"
"2017-04",-6.267906,54.353102,"CHURCH STREET","Violence and sexual offences","BT343HN"
"2015-11",-6.02078,54.567099,"HAZELWOOD AVENUE","Anti-social behaviour","BT170SY"
"2017-01",-5.92019,54.595089,"FRIENDLY STREET","Anti-social behaviour","BT72HP"
"2017-05",-5.901202,54.672077,"CAMBRAI DRIVE","Violence and sexual offences","BT667QT"
"2015-04",-6.70358,54.538396,"MOUNTCAIRN COURT","Anti-social behaviour","BT714LY"
"2017-08",-5.867011,54.607119,"CAROLHILL PARK","Anti-social behaviour","BT42FF"
"2017-10",-5.931955,54.603844,"UNION STREET","Violence and sexual offences","BT536HT"
"2016-02",-6.013084,54.568913,"WOODBOURNE COURT","Criminal damage and arson","BT119NZ"
"2015-06",-5.983574,54.667915,"MAYFIELD PARK","Anti-social behaviour","BT367WJ"
"2017-09",-6.337767,54.18155,"MOURNE VIEW PARK","Violence and sexual offences","BT356BZ"
"2015-08",-5.95523,54.675787,"CARNMONEY ROAD","Criminal damage and arson","BT366JR"
"2015-02",-6.930149,55.040706,"EDENVALE","Violence and sexual offences","BT601JF"
"2016-02",-5.936572,54.608029,"ANNESLEY STREET","Anti-social behaviour","BT146AJ"
"2016-09",-6.666491,55.127647,"BERESFORD AVENUE","Anti-social behaviour","BT521HJ"
"2015-09",-6.004988,54.547576,"GLENBURN ROAD","Burglary","BT234HG"
"2015-04",-7.359531,55.032846,"BENVIEW ESTATE","Anti-social behaviour","BT480NQ"
"2015-02",-5.965834,54.674249,"DERRYMORE AVENUE","Vehicle crime","BT367AA"
"2017-02",-5.902653,54.592773,"BEERSBRIDGE ROAD","Anti-social behaviour","BT55DY"
"2017-11",-6.345557,54.17712,"PATRICK STREET","Anti-social behaviour","BT358EB"
"2017-04",-5.934882,54.589437,"DONEGALL ROAD","Violence and sexual offences","BT126HN"
"2015-10",-7.352609,54.99077,"CIRCULAR ROAD","Anti-social behaviour","BT234EU"
"2016-07",-6.176127,54.55097,"TEMPLE ROAD","Other theft","BT282PD"
"2016-07",-5.947732,54.6191,"CLIFTONVILLE PARADE","Criminal damage and arson","BT146LQ"
"2017-08",-5.938663,54.60403,"SHANKILL TERRACE","Anti-social behaviour","BT131EN"
"2016-09",-6.826856,55.151009,"BALLYHACKETT ROAD","Anti-social behaviour","BT514SQ"
"2015-02",-6.074221,54.518868,"JOHNSTON WAY","Violence and sexual offences","BT282AQ"
"2017-02",-7.473063,54.785251,"CHURCH SQUARE","Violence and sexual offences","BT345PT"
"2016-06",-5.744002,54.550859,"BRIDGE STREET","Anti-social behaviour","BT281XZ"
"2016-10",-5.893449,54.584347,"LOOPLAND GARDENS","Anti-social behaviour","BT69EB"
"2016-05",-5.930588,54.606372,"LANCASTER STREET","Criminal damage and arson","BT151EZ"
"2017-06",-5.908034,54.595876,"PERRY COURT","Anti-social behaviour","BT54DU"
"2015-05",-6.710422,54.808898,"CALMORE PARK","Criminal damage and arson","BT455PQ"
"2017-07",-5.78975,54.725667,"DOWNSHIRE ROAD","Violence and sexual offences","BT189LX"
"2016-07",-5.880518,54.572997,"CASTLEMORE PARK","Violence and sexual offences","BT69RP"
"2016-07",-6.334844,54.464133,"CHURCH PLACE","Violence and sexual offences","BT666EU"
"2017-08",-6.563872,55.091284,"SEACON PARK","Anti-social behaviour","BT536QB"
"2016-03",-6.682174,55.126515,"KYLEMORE ROAD","Anti-social behaviour","BT513HG"
"2017-05",-5.807505,54.59486,"UPPER NEWTOWNARDS ROAD","Anti-social behaviour","BT43NW"
"2015-08",-5.815128,54.644929,"RANNOCH ROAD","Other theft","BT180NA"
"2016-08",-6.946975,55.04388,"GREYSTONE PARK","Criminal damage and arson","BT490EQ"
"2017-11",-6.299379,54.879981,"WOODTOWN ROAD","Other crime","BT436SJ"
"2015-06",-5.94012,54.622052,"MARSDEN GARDENS","Violence and sexual offences","BT155AL"
"2016-10",-5.993975,54.580485,"COOLNASILLA PARK EAST","Anti-social behaviour","BT118LA"
"2015-02",-7.271138,54.99763,"SUMMER MEADOWS MANOR","Violence and sexual offences","BT476SE"
"2015-08",-6.281327,54.865182,"SMITHFIELD PLACE","Anti-social behaviour","BT435HB"
"2015-08",-6.352811,54.481801,"TURMOYRA COURT","Other theft","BT666SD"
"2016-02",-5.93543,54.595116,"GLENGALL STREET","Other theft","BT125AB"
"2017-05",-6.708817,54.248282,"ST. MATTHEWS ESTATE","Violence and sexual offences","BT603SG"
"2017-01",-5.649752,54.652973,"DELLMOUNT AVENUE","Anti-social behaviour","BT204TZ"
"2017-06",-5.942507,54.616172,"CLIFTONVILLE COURT","Anti-social behaviour","BT146LT"
"2015-11",-6.687285,54.533431,"COLLOWEN","Drugs","BT714XB"
"2015-02",-5.673962,54.660764,"CENTRAL AVENUE","Anti-social behaviour","BT203AF"
"2016-07",-6.63683,54.880717,"TIRGARVIL ROAD","Anti-social behaviour","BT465UW"
"2016-06",-6.668424,55.12845,"BERESFORD ROAD","Violence and sexual offences","BT521LW"
"2016-11",-6.37249,54.444746,"CLONMEEN","Criminal damage and arson","BT654AR"
"2016-07",-7.6408,54.394152,"JUBILEE HILL","Violence and sexual offences","BT942FG"
"2016-11",-6.456968,54.410303,"INGLEWOOD LODGE","Violence and sexual offences","BT623BT"
"2017-10",-5.670318,54.649956,"WHITEHILL DRIVE","Anti-social behaviour","BT204ED"
"2017-09",-7.636347,54.469285,"SALLYS WOOD","Violence and sexual offences","BT941HQ"
"2015-06",-6.321057,54.756905,"WEIRSIDE","Criminal damage and arson","BT413BT"
"2016-04",-5.677021,54.646814,"CLELAND PARK NORTH","Criminal damage and arson","BT203EN"
"2017-07",-6.344831,54.887203,"SPENCE CRESCENT","Burglary","BT421BR"
"2016-05",-5.938416,54.630945,"ANTRIM ROAD","Anti-social behaviour","BT152AH"
"2015-06",-5.984681,54.576988,"BENRAW GREEN","Violence and sexual offences","BT118QL"
"2016-08",-5.964422,54.596164,"BEECHMOUNT PASS","Violence and sexual offences","BT127NZ"
"2015-09",-6.048732,54.511209,"BOW STREET","Anti-social behaviour","BT281AW"
"2015-02",-6.27277,54.351555,"REILLY STREET","Anti-social behaviour","BT323DW"
"2017-03",-5.835778,54.860671,"GREEN DRIVE","Criminal damage and arson","BT402ER"
"2015-10",-6.067691,54.512906,"INISCARN CLOSE","Drugs","BT282BX"
"2015-01",-6.02648,54.56659,"GOOD SHEPHERD COURT","Violence and sexual offences","BT170LS"
"2015-07",-6.272573,54.860808,"EDWARD STREET","Shoplifting","BT666DD"
"2015-08",-6.687529,54.983264,"MAIN STREET","Anti-social behaviour","BT936HW"
"2015-03",-6.559275,54.955508,"CLARAGH HILL PARK","Anti-social behaviour","BT515YW"
"2015-09",-6.041401,54.534343,"SHARRY DRIVE","Anti-social behaviour","BT274LL"
"2017-05",-5.940995,54.580206,"MALONE AVENUE","Anti-social behaviour","BT96EP"
"2016-02",-7.352517,54.956743,"PRIMITY CRESCENT","Other theft","BT472RB"
"2015-01",-6.674788,54.346812,"MULLACREEVIE PARK","Anti-social behaviour","BT604BA"
"2017-07",-6.278374,54.874888,"RICHMOND PARK","Anti-social behaviour","BT797SJ"
"2015-05",-5.982628,54.558436,"FINAGHY ROAD SOUTH","Violence and sexual offences","BT100DR"
"2016-08",-5.927784,54.603997,"ACADEMY STREET","Anti-social behaviour","BT12LS"
"2016-03",-5.853549,54.619685,"RICHMOND COURT","Anti-social behaviour","BT274QU"
"2017-07",-5.970031,54.628973,"BENVIEW PARK","Violence and sexual offences","BT148HT"
"2016-07",-6.663686,55.133707,"RAILWAY PLACE","Drugs","BT521PQ"
"2016-07",-6.22766,54.179467,"BALLYVALLY ROAD","Anti-social behaviour","BT342RT"
"2017-03",-5.932635,54.591645,"VENTRY STREET","Anti-social behaviour","BT27JP"
"2017-08",-5.805551,54.582578,"WANSTEAD GARDENS","Anti-social behaviour","BT162ET"
"2015-03",-7.2725,55.047511,"BELVOIR PARK","Anti-social behaviour","BT488PQ"
"2015-01",-7.335188,55.027739,"THE MEADOWS","Burglary","BT412JB"
"2017-08",-6.28288,54.352184,"EDENDERRY PARK","Anti-social behaviour","BT323BA"
"2016-05",-5.876587,54.600387,"FERGUSON DRIVE","Vehicle crime","BT282EX"
"2015-02",-7.634071,54.342405,"THE POINT","Violence and sexual offences","BT746JQ"
"2016-08",-5.697825,54.593191,"POUND STREET","Burglary","BT941HE"
"2015-01",-6.780315,54.510131,"HAWTHORNE CRESCENT","Anti-social behaviour","BT465FT"
"2017-10",-5.791302,54.589749,"BALLYBEEN PARK","Anti-social behaviour","BT162QB"
"2017-02",-7.297481,54.985174,"IRISH STREET","Anti-social behaviour","BT701DB"
"2017-03",-7.600589,54.352881,"LACKAGHBOY PARK","Anti-social behaviour","BT744DZ"
"2016-07",-6.268945,54.869507,"SKERRY COURT","Other theft","BT437DW"
"2017-05",-5.895581,54.530078,"SAINTFIELD ROAD","Other theft","BT88SG"
"2016-06",-5.933461,54.593357,"HOPE STREET","Robbery","BT435EE"
"2017-01",-5.694059,54.643096,"RATHGAEL ROAD","Violence and sexual offences","BT191RU"
"2017-06",-6.682902,55.127251,"KYLEMORE ROAD","Violence and sexual offences","BT513HG"
"2016-04",-7.306932,55.033133,"CORNSHELL FIELDS","Violence and sexual offences","BT487UH"
"2016-04",-5.9336,54.5946,"AMELIA STREET","Violence and sexual offences","BT27GS"
"2015-10",-7.213844,54.980601,"LETTERSHENDONY AVENUE","Violence and sexual offences","BT473HY"
"2015-02",-6.059939,55.06048,"CARN-NEIL PARK","Anti-social behaviour","BT440RH"
"2017-07",-5.953835,54.600236,"CUPAR STREET LOWER","Drugs","BT132LJ"
"2015-07",-5.9336,54.5946,"AMELIA STREET","Anti-social behaviour","BT27GS"
"2015-05",-7.593509,54.709135,"JOHN STREET","Violence and sexual offences","BT486JY"
"2016-01",-6.157974,54.236106,"DOWNPATRICK STREET","Violence and sexual offences","BT309EA"
"2015-01",-5.931632,54.57328,"LOCKVIEW ROAD","Anti-social behaviour","BT95GN"
"2017-07",-5.766275,54.851433,"QUARTERLAND ROAD","Violence and sexual offences","BT294TU"
"2017-05",-5.939684,54.61323,"BRUCEVALE PARK","Violence and sexual offences","BT146BQ"
"2016-08",-7.16212,54.550384,"MAIN STREET","Violence and sexual offences","BT936HW"
"2017-03",-6.204961,54.723374,"PARKHALL ROAD","Violence and sexual offences","BT411BU"
"2017-02",-6.146701,54.236427,"DRUMARKIN ROAD","Violence and sexual offences","BT345ND"
"2017-04",-6.080644,54.204241,"BRYANSFORD ROAD","Anti-social behaviour","BT330HJ"
"2015-10",-6.018446,54.574743,"CARRIGART AVENUE","Anti-social behaviour","BT119HU"
"2015-04",-5.964092,54.604632,"DHU VARREN CRESCENT","Anti-social behaviour","BT133FL"
"2016-05",-6.026433,54.511547,"ASHMOUNT PARK","Other theft","BT275DG"
"2016-07",-5.843492,54.728612,"WOODBURN ROAD","Violence and sexual offences","BT388PS"
"2015-12",-6.269966,54.859136,"MOAT ROAD","Anti-social behaviour","BT424AA"
"2017-12",-5.995493,54.572891,"FINAGHY ROAD NORTH","Other theft","BT119EG"
"2016-06",-6.023353,54.564751,"COLINMILL","Violence and sexual offences","BT170AP"
"2017-05",-5.662048,54.6658,"VICTORIA ROAD","Anti-social behaviour","BT41QU"
"2015-02",-7.318883,54.994278,"BRIDGE STREET","Shoplifting","BT281XZ"
"2016-07",-6.321819,54.858929,"FENAGHY ROAD","Other theft","BT421FL"
"2016-06",-6.013086,54.557116,"CREDENHILL PARK","Vehicle crime","BT170ES"
"2017-06",-6.333109,54.460516,"CORONATION STREET","Anti-social behaviour","BT623BA"
"2016-08",-5.63083,54.644733,"ALBANY ROAD","Anti-social behaviour","BT196YW"
"2015-10",-7.306357,54.997639,"GLOUCESTER AVENUE","Violence and sexual offences","BT635DS"
"2017-08",-6.335414,54.171122,"CRONIN PARK","Anti-social behaviour","BT342BZ"
"2015-05",-5.917696,54.693899,"MONKSTOWN ROAD","Criminal damage and arson","BT370LQ"
"2016-11",-5.92881,54.585317,"CARMEL STREET","Burglary","BT71QE"
"2016-10",-5.543513,54.382787,"ANNE STREET","Anti-social behaviour","BT603NX"
"2015-08",-6.352147,54.180112,"HOSPITAL ROAD","Anti-social behaviour","BT358PW"
"2017-06",-5.929933,54.609227,"VICTORIA PARADE","Drugs","BT152EN"
"2015-07",-5.535112,54.642363,"NEW STREET","Violence and sexual offences","BT413AF"
"2017-07",-5.675428,54.600086,"BEECHCROFT PARK","Violence and sexual offences","BT238QL"
"2015-08",-5.904513,54.572229,"MOUNT MERRION DRIVE","Anti-social behaviour","BT60FX"
"2015-03",-6.399676,54.197151,"BROOKVILLE CRESCENT","Anti-social behaviour","BT357BD"
"2016-07",-7.164345,54.414999,"FERNDALE","Anti-social behaviour","BT829TH"
"2015-08",-6.253506,54.101899,"EAST STREET","Violence and sexual offences","BT237DD"
"2016-01",-6.013641,54.578141,"GLENCOLIN DRIVE","Violence and sexual offences","BT118PA"
"2015-10",-6.74201,54.647632,"UNION STREET","Violence and sexual offences","BT536HT"
"2015-04",-6.001834,54.762243,"HAMLET WAY","Anti-social behaviour","BT399GQ"
"2015-06",-7.276048,55.046822,"ARDANLEE","Public order","BT488RR"
"2015-04",-6.780064,54.506122,"SPRINGDALE","Anti-social behaviour","BT701EJ"
"2017-03",-5.906445,54.585228,"ARDENWOOD","Criminal damage and arson","BT68QP"
"2016-08",-5.872153,54.595493,"KERRSLAND PARADE","Other theft","BT56EP"
"2016-04",-6.275819,54.868688,"THOMAS STREET","Anti-social behaviour","BT701HN"
"2015-04",-7.320295,54.99672,"SHIPQUAY STREET","Violence and sexual offences","BT486DN"
"2015-05",-6.008713,54.543441,"ROWAN DRIVE","Anti-social behaviour","BT179PX"
"2016-12",-5.699532,54.601319,"DICKSONIA DRIVE","Criminal damage and arson","BT234HE"
"2017-05",-5.924545,54.595253,"GRACE STREET","Drugs","BT28LU"
"2016-11",-6.688827,54.444812,"THE QUAYS","Other theft","BT358QS"
"2017-11",-5.905309,54.563645,"GLENCREGAGH ROAD","Violence and sexual offences","BT86FZ"
"2015-03",-6.448883,54.499963,"PIER RAMPART","Anti-social behaviour","BT666QH"
"2016-12",-6.032939,54.519156,"BELFAST ROAD","Violence and sexual offences","BT248EB"
"2015-06",-5.936856,54.579165,"CHLORINE GARDENS","Other theft","BT95DL"
"2016-09",-5.64732,54.637947,"HAMPTON PARK","Other theft","BT197GL"
"2017-05",-5.805979,54.736178,"SULLATOBER SQUARE","Anti-social behaviour","BT387SQ"
"2017-07",-6.21047,54.620152,"BERKLEY COURT","Criminal damage and arson","BT323FB"
"2015-01",-5.998464,54.563057,"MAYFIELD SQUARE","Violence and sexual offences","BT100QR"
"2016-11",-5.956098,54.600463,"WATERVILLE STREET","Criminal damage and arson","BT132RW"
"2016-02",-7.044723,54.885796,"TERRYDREEN ROAD","Violence and sexual offences","BT474TH"
"2016-06",-6.655919,54.351032,"DAWSON STREET","Anti-social behaviour","BT617QT"
"2016-01",-6.444692,54.418834,"SOUTH STREET","Other crime","BT234JU"
"2016-05",-7.304575,55.000395,"LIMAVADY ROAD","Anti-social behaviour","BT515EB"
"2017-05",-6.090186,54.483883,"HALFTOWN ROAD","Violence and sexual offences","BT275RF"
"2015-05",-5.890348,54.600637,"LEWIS GARDENS","Criminal damage and arson","BT41EP"
"2016-07",-5.975562,54.629865,"SQUIRES VIEW","Criminal damage and arson","BT148FS"
"2016-12",-5.712699,54.322215,"ARDPATRICK AVENUE","Anti-social behaviour","BT306JF"
"2015-06",-5.535829,54.490103,"MILL HEIGHTS","Anti-social behaviour","BT222WA"
"2017-01",-5.930851,54.601812,"NORTH STREET","Shoplifting","BT341DB"
"2015-12",-7.302011,54.600025,"HIGH STREET","Violence and sexual offences","BT248AB"
"2017-03",-6.031351,54.509462,"CROMWELLS HIGHWAY","Drugs","BT275DH"
"2015-07",-5.927784,54.603997,"ACADEMY STREET","Vehicle crime","BT12LS"
"2017-10",-5.953894,54.57932,"GREAT NORTHERN STREET","Anti-social behaviour","BT97FN"
"2016-10",-5.896505,54.401802,"WINDMILL STREET","Anti-social behaviour","BT248HB"
"2015-08",-5.933976,54.621983,"ASHFIELD GARDENS","Anti-social behaviour","BT153FW"
"2016-01",-7.251572,54.518936,"MOYLAGH ROAD","Other crime","BT782QQ"
"2017-03",-5.937585,54.602377,"NORTH KING STREET","Other crime","BT132GR"
"2015-04",-6.082115,54.526397,"KILLOWEN GRANGE","Criminal damage and arson","BT283HQ"
"2015-03",-6.336652,54.170789,"KILMOREY STREET","Anti-social behaviour","BT342DE"
"2016-05",-5.921582,54.650352,"BAWNMORE PARK","Vehicle crime","BT367BQ"
"2016-06",-6.396615,54.795418,"THE MOORLANDS","Anti-social behaviour","BT413RN"
"2017-05",-6.195127,54.719023,"RATHKYLE","Criminal damage and arson","BT411LW"
"2017-06",-5.695141,54.596312,"UPPER NORTH STREET","Criminal damage and arson","BT234JD"
"2016-04",-6.226574,54.723916,"CORAL CRESCENT","Shoplifting","BT414LW"
"2017-06",-6.279945,54.35801,"LEABURN CLOSE","Drugs","BT323GB"
"2015-03",-6.034584,54.56205,"GLENKEEN","Anti-social behaviour","BT413JX"
"2017-10",-7.657676,54.351242,"WILLOUGHBY COURT","Violence and sexual offences","BT747EE"
"2017-04",-7.270901,54.75367,"DERGBROUGH ROAD","Drugs","BT798JX"
"2016-09",-5.961105,54.577087,"WILDFLOWER WAY","Vehicle crime","BT126TA"
"2015-10",-5.849943,54.363908,"SYCAMORE COURT","Anti-social behaviour","BT248QZ"
"2016-10",-7.270418,55.002863,"BLACKTHORN MANOR","Anti-social behaviour","BT475ST"
"2015-11",-5.934882,54.589437,"DONEGALL ROAD","Anti-social behaviour","BT126HN"
"2015-12",-6.744075,54.631905,"GLENWOOD CREST","Other theft","BT808XU"
"2017-03",-5.656611,54.648766,"SOUTH CIRCULAR ROAD","Anti-social behaviour","BT197HB"
"2015-08",-7.632114,54.361803,"LAWNAKILLA PARK","Drugs","BT747JN"
"2016-05",-5.961637,54.597393,"IRIS DRIVE","Other theft","BT127BL"
"2015-02",-6.046777,54.509784,"SMITHFIELD","Violence and sexual offences","BT281TH"
"2015-01",-6.634768,54.346491,"BALLYNAHONEMORE ROAD","Violence and sexual offences","BT601JD"
"2015-08",-5.695052,54.593237,"MEETINGHOUSE LANE","Other theft","BT817BQ"
"2015-10",-5.933895,54.587857,"LOWER CRESCENT","Anti-social behaviour","BT235BU"
"2015-11",-6.056002,54.502485,"BEECHLAND DRIVE","Drugs","BT281HS"
"2016-12",-7.157082,55.038124,"LONGFIELD ROAD","Anti-social behaviour","BT359TU"
"2016-04",-6.461071,54.413428,"CRAWFORD PARK","Anti-social behaviour","BT623QW"
"2016-04",-5.723502,54.500407,"LISBARNET ROAD","Violence and sexual offences","BT236AW"
"2015-08",-6.680354,54.22341,"UPPER DARKLEY ROAD","Vehicle crime","BT603BS"
"2017-01",-6.206725,54.725942,"STEEPLE GREEN","Anti-social behaviour","BT411BP"
"2016-05",-5.946624,54.53472,"PURDYSBURN HILL","Robbery","BT88JY"
"2017-06",-5.939717,54.617463,"BROOKVALE AVENUE","Other theft","BT146BW"
"2015-06",-5.92193,54.577032,"HAYWOOD AVENUE","Anti-social behaviour","BT73EU"
"2015-06",-5.703004,54.577053,"VALETTA PARK","Criminal damage and arson","BT234RL"
"2016-10",-5.936066,54.601201,"WILSON STREET","Vehicle crime","BT274XZ"
"2016-04",-6.387924,54.445456,"PARKMORE","Violence and sexual offences","BT642AQ"
"2016-10",-6.418948,54.43406,"HILLSIDE CRESCENT","Anti-social behaviour","BT324NT"
"2015-06",-5.945492,54.537558,"BALLYLESSON ROAD","Vehicle crime","BT88JU"
"2017-12",-7.680132,54.293459,"SKEA TERRACE","Anti-social behaviour","BT922DL"
"2015-10",-5.895141,54.589031,"CHANNING STREET","Violence and sexual offences","BT55GP"
"2016-12",-5.982673,54.575373,"ANDERSONSTOWN ROAD","Violence and sexual offences","BT119AH"
"2017-11",-5.649317,54.639837,"CAYMAN DRIVE","Criminal damage and arson","BT196XQ"
"2016-01",-6.113566,54.443297,"HILLSBOROUGH ROAD","Vehicle crime","BT252BL"
"2015-07",-6.285227,54.454922,"SPRINGHILL ROAD","Burglary","BT356EF"
"2017-03",-6.209508,54.805351,"CONDIERE AVENUE","Drugs","BT423LD"
"2015-11",-6.711006,54.24844,"ST. MATTHEWS ESTATE","Criminal damage and arson","BT603SG"
"2016-08",-6.639378,54.502347,"ANNAGHBEG ROAD","Criminal damage and arson","BT716HY"
"2015-03",-6.341888,54.453548,"COLLINGWOOD AVENUE","Anti-social behaviour","BT668HN"
"2016-03",-5.973376,54.622434,"FABURN PARK","Violence and sexual offences","BT148AJ"
"2017-07",-6.05346,54.495247,"SPRUCEFIELD COURT","Other theft","BT275UL"
"2015-04",-6.372664,54.446177,"DRUMGOR HEIGHTS","Violence and sexual offences","BT654AP"
"2016-09",-6.03365,54.697606,"MILLBANK ROAD","Other theft","BT390AS"
"2015-01",-5.706832,54.578302,"BEAUFORT WALK","Violence and sexual offences","BT234RP"
"2016-03",-5.8344,54.366577,"MAGHERALONE ROAD","Criminal damage and arson","BT248ND"
"2016-04",-6.512267,55.070057,"HENRY STREET","Anti-social behaviour","BT747JT"
"2015-01",-6.512038,54.450535,"DERRYLETTIFF ROAD","Burglary","BT621QU"
"2015-08",-5.956891,54.619848,"ALLIANCE AVENUE","Burglary","BT147NX"
"2015-06",-6.443111,54.413809,"ANNAGHVIEW COURT","Criminal damage and arson","BT623DE"
"2015-11",-6.26995,54.348747,"RATHFRILAND STREET","Shoplifting","BT323LA"
"2016-11",-7.318164,55.021914,"CARNHILL","Violence and sexual offences","BT488BA"
"2015-02",-5.934882,54.589437,"DONEGALL ROAD","Anti-social behaviour","BT126HN"
"2015-05",-5.951326,54.578701,"LISBURN ROAD","Criminal damage and arson","BT97GY"
"2016-01",-6.753621,54.630171,"OLD RECTORY HEIGHTS","Violence and sexual offences","BT809XZ"
"2015-09",-7.350132,55.016421,"DRUMMARD CLOSE","Violence and sexual offences","BT480RN"
"2015-09",-6.66083,55.133784,"HILLMANS FANCY","Anti-social behaviour","BT522DX"
"2016-04",-5.926512,54.597057,"MONTGOMERY STREET","Violence and sexual offences","BT14NX"
"2015-07",-5.719564,54.325094,"MARKET STREET","Anti-social behaviour","BT622BP"
"2015-02",-7.380738,54.572426,"RODGERS ROAD","Other crime","BT785DD"
"2017-05",-7.632114,54.361803,"LAWNAKILLA PARK","Violence and sexual offences","BT747JN"
"2015-04",-5.935482,54.617013,"ATLANTIC AVENUE","Violence and sexual offences","BT152HN"
"2015-03",-6.332739,54.453682,"DARLING AVENUE","Public order","BT668EZ"
"2017-01",-5.906998,54.587116,"IMPERIAL DRIVE","Bicycle theft","BT68JH"
"2015-07",-6.336748,54.177933,"BANK PARADE","Anti-social behaviour","BT356HP"
"2015-05",-7.462058,54.821601,"BALLYCOLMAN ESTATE","Criminal damage and arson","BT829AJ"
"2015-10",-6.717733,55.183093,"CHURCH STREET","Violence and sexual offences","BT343HN"
"2015-05",-5.730146,54.620219,"TULLYNAGARDY ROAD","Vehicle crime","BT234UQ"
"2015-02",-5.965845,54.629693,"BALLYSILLAN CRESCENT","Drugs","BT148HR"
"2017-12",-5.838481,54.638996,"EAN HILL","Criminal damage and arson","BT189LQ"
"2017-05",-6.37249,54.444746,"CLONMEEN","Violence and sexual offences","BT654AR"
"2017-02",-6.330584,54.183814,"WINDSOR AVENUE","Criminal damage and arson","BT389RX"
"2017-03",-5.933011,54.599199,"QUEEN STREET","Anti-social behaviour","BT422BQ"
"2017-05",-6.043225,54.555954,"LAGMORE VIEW","Violence and sexual offences","BT170UL"
"2015-12",-6.346615,54.45983,"MANSEFIELD","Drugs","BT668PB"
"2016-01",-7.469509,54.293237,"HARRYVILLE STREET","Anti-social behaviour","BT944QX"
"2015-09",-7.142495,54.547327,"HALLAGHAN ROAD","Anti-social behaviour","BT799DW"
"2015-02",-7.464515,54.292334,"LISNAGOLE ROAD","Other theft","BT944RG"
"2015-01",-6.365448,54.377311,"ANN STREET","Drugs","BT546AA"
"2017-10",-6.215203,54.619189,"ORCHARD HILL","Anti-social behaviour","BT294SA"
"2015-09",-6.342979,54.171882,"CLEARY CRESCENT","Criminal damage and arson","BT358AQ"
"2017-08",-5.947074,54.594353,"BURNABY WALK","Anti-social behaviour","BT125QT"
"2015-01",-6.185811,54.63221,"NUTTS CORNER ROAD","Violence and sexual offences","BT294SQ"
"2016-12",-5.713052,54.314467,"GLEBETOWN DRIVE","Anti-social behaviour","BT306QB"
"2015-11",-6.455132,54.421447,"WEST STREET","Violence and sexual offences","BT389HR"
"2016-03",-5.702929,54.591572,"JOHN STREET","Violence and sexual offences","BT486JY"
"2016-01",-5.939056,54.586435,"MINDS WAY","Anti-social behaviour","BT96PU"
"2017-07",-5.941562,54.63152,"SALISBURY AVENUE","Criminal damage and arson","BT155DY"
"2017-09",-5.931597,54.607845,"VICTORIA PARADE","Burglary","BT152EN"
"2015-08",-5.92567,54.616639,"NORTH QUEEN STREET","Violence and sexual offences","BT151ES"
"2015-12",-5.925804,54.602454,"DUNBAR STREET","Anti-social behaviour","BT12LH"
"2016-05",-6.015895,54.538743,"GLENWOOD MEWS","Violence and sexual offences","BT179DU"
"2017-12",-5.934292,54.600173,"BERRY STREET","Shoplifting","BT11FJ"
"2017-08",-5.642333,54.6537,"CONISTON ROAD","Violence and sexual offences","BT204QQ"
"2016-01",-5.959712,54.591341,"BROADWAY","Violence and sexual offences","BT126HQ"
"2017-06",-6.455651,54.41707,"CLOUNAGH PARK","Anti-social behaviour","BT623QB"
"2016-07",-7.301345,54.887714,"TABOE ROAD","Other theft","BT820NE"
"2017-10",-6.020344,54.065455,"GRANGE MEADOWS","Anti-social behaviour","BT344GZ"
"2017-02",-5.910685,54.58611,"RAVENHILL COURT","Other theft","BT68FS"
"2016-06",-6.036594,54.535676,"GREENBURN WAY","Violence and sexual offences","BT274LT"
"2015-01",-6.260405,54.422465,"WINONA MANOR","Anti-social behaviour","BT667GB"
"2015-02",-5.714324,54.315371,"ARDILEA PARK","Violence and sexual offences","BT306QA"
"2016-03",-6.60926,54.751003,"GREENVALE PARK","Anti-social behaviour","BT456DP"
"2017-05",-5.927783,54.597923,"ARTHUR PLACE","Anti-social behaviour","BT14HG"
"2015-02",-5.929933,54.609227,"VICTORIA PARADE","Anti-social behaviour","BT152EN"
"2015-07",-6.006928,54.551211,"HARRIS CRESCENT","Violence and sexual offences","BT179EQ"
"2017-11",-5.924715,54.585229,"THE CLOISTERS","Criminal damage and arson","BT578PA"
"2015-02",-7.33055,54.998295,"WESTLAND TERRACE","Anti-social behaviour","BT489JD"
"2016-05",-6.178146,54.706262,"ASPENBURN","Vehicle crime","BT412BG"
"2016-07",-5.832547,54.460397,"COMBER STREET","Anti-social behaviour","BT247AZ"
"2015-06",-6.744976,54.645884,"CENTRAL AVENUE","Violence and sexual offences","BT203AF"
"2015-06",-5.691704,54.597172,"VICTORIA CLOSE","Violence and sexual offences","BT399YN"
"2016-12",-7.442365,54.248393,"CASTLEBALFOUR ROAD","Other theft","BT920LT"
"2015-01",-6.647426,55.190274,"HOPEFIELD GARDENS","Anti-social behaviour","BT568QG"
"2016-11",-6.011818,54.544094,"ROWAN DRIVE","Other crime","BT179PX"
"2016-10",-7.329604,54.999736,"CREGGAN ROAD","Other theft","BT799BL"
"2015-10",-6.76282,54.514778,"OAKLEA","Criminal damage and arson","BT716JY"
"2015-01",-5.860171,54.801219,"WHITE GABLES","Violence and sexual offences","BT403EL"
"2015-01",-6.356026,54.723541,"STAFFORDSTOWN ROAD","Burglary","BT413LH"
"2017-07",-6.673557,54.844578,"MAIN STREET","Violence and sexual offences","BT936HW"
"2017-10",-6.665436,54.345909,"NURSERY MEWS","Anti-social behaviour","BT604DG"
"2017-11",-6.023339,54.567275,"PEMBROKE MANOR","Criminal damage and arson","BT170GW"
"2017-05",-5.924801,54.616076,"SEAVIEW STREET","Anti-social behaviour","BT153EA"
"2017-05",-5.935409,54.604092,"KILDARE STREET","Criminal damage and arson","BT307TR"
"2016-04",-7.377131,54.862992,"BERRYHILL ROAD","Violence and sexual offences","BT820NB"
"2015-04",-6.606153,54.835495,"MCGURKS VILLAS","Vehicle crime","BT458NY"
"2015-04",-5.915143,54.596349,"LAGANBANK ROAD","Violence and sexual offences","BT13LT"
"2017-03",-7.289062,54.973663,"STEVENSON PARK","Anti-social behaviour","BT473QS"
"2015-12",-6.941795,55.040395,"GLENVIEW DRIVE","Anti-social behaviour","BT490RZ"
"2016-08",-6.025591,54.516835,"LEAMINGTON PLACE","Other crime","BT274UL"
"2016-12",-6.366732,54.445701,"HILLCREST MANOR","Other theft","BT655BX"
"2015-08",-6.766066,54.500356,"EMPIRE AVENUE","Anti-social behaviour","BT717AL"
"2016-02",-5.833574,54.859059,"UPPER CAIRNCASTLE ROAD","Anti-social behaviour","BT402HP"
"2017-09",-7.304073,54.602534,"SEDAN AVENUE","Other crime","BT797AQ"
"2016-03",-6.028008,54.53205,"BELLS LANE","Anti-social behaviour","BT274QH"
"2016-09",-5.975689,54.620765,"GLENSIDE PARK","Violence and sexual offences","BT148BG"
"2017-08",-6.335414,54.171122,"CRONIN PARK","Anti-social behaviour","BT342BZ"
"2016-08",-5.929353,54.548694,"DRUMART DRIVE","Anti-social behaviour","BT87EU"
"2015-04",-6.048732,54.511209,"BOW STREET","Criminal damage and arson","BT281AW"
"2015-02",-7.463449,54.826979,"CASTLE STREET","Criminal damage and arson","BT307QQ"
"2017-11",-5.82614,54.638909,"CHURCH ROAD","Violence and sexual offences","BT189BU"
"2017-07",-6.005658,54.760626,"RASHEE COURT","Criminal damage and arson","BT399SE"
"2015-06",-6.000861,54.566538,"LADYBROOK PARK","Anti-social behaviour","BT119EL"
"2017-03",-5.957101,54.615359,"BROMPTON PARK","Anti-social behaviour","BT147LB"
"2017-06",-5.929328,54.598579,"CASTLE LANE","Shoplifting","BT235EB"
"2015-10",-5.901082,54.601668,"ISLAND STREET","Anti-social behaviour","BT41DH"
"2017-08",-6.664426,55.150999,"LOUGHANHILL PARK","Criminal damage and arson","BT522QD"
"2015-12",-5.934882,54.589437,"DONEGALL ROAD","Anti-social behaviour","BT126HN"
"2015-06",-6.148994,54.413171,"MEETING STREET","Anti-social behaviour","BT251AQ"
"2015-10",-5.977734,54.663783,"UPPER HOLLYBROOK HEIGHTS","Other crime","BT367XT"
"2016-06",-6.028517,54.554503,"ALTAN WALK","Other theft","BT170UH"
"2015-01",-7.382753,54.719212,"BESSIE BELL COURT","Anti-social behaviour","BT784BT"
"2015-04",-6.329398,54.177148,"HENRY STREET","Criminal damage and arson","BT747JT"
"2016-06",-6.210286,54.497312,"STATION ROAD","Robbery","BT41RF"
"2016-01",-6.057688,54.498855,"AVONMORE PARK","Public order","BT281NE"
"2017-12",-5.879683,54.574465,"LISNASHARRAGH PARK","Anti-social behaviour","BT69RL"
"2015-08",-6.25736,54.102602,"MEETING STREET","Criminal damage and arson","BT251AQ"
"2015-02",-6.322929,54.460563,"LIME GROVE","Other theft","BT668HL"
"2017-11",-5.867011,54.607119,"CAROLHILL PARK","Criminal damage and arson","BT42FF"
"2015-08",-6.656237,54.352608,"LOWER ENGLISH STREET","Anti-social behaviour","BT617LJ"
"2016-03",-7.309712,55.030642,"CARRANBANE WALK","Criminal damage and arson","BT488HU"
"2017-03",-5.939954,54.581221,"PARK LANE","Violence and sexual offences","BT247PR"
"2015-08",-7.320497,55.006962,"ROCK TERRACE","Violence and sexual offences","BT487NX"
"2017-01",-5.855354,54.619223,"GLENDARRAGH","Violence and sexual offences","BT42WB"
"2015-05",-6.637117,55.196043,"BALLYWILLIN CRESCENT","Violence and sexual offences","BT568GJ"
"2017-02",-5.925292,54.587566,"POWERSCOURT PLACE","Drugs","BT71FX"
"2016-11",-6.652938,54.345779,"DOBBIN STREET","Anti-social behaviour","BT617QQ"
"2017-11",-6.270972,54.882572,"DUNCLUG GARDENS","Criminal damage and arson","BT436NW"
"2016-05",-5.964788,54.613646,"CRUMLIN ROAD","Violence and sexual offences","BT147EA"
"2017-07",-7.322647,54.991559,"ABERCORN PLACE","Anti-social behaviour","BT486SD"
"2017-06",-5.966384,54.568595,"BALMORAL AVENUE","Anti-social behaviour","BT96NY"
"2017-02",-5.951125,54.587952,"KITCHENER STREET","Criminal damage and arson","BT126LG"
"2016-04",-5.957816,54.620241,"DEERPARK ROAD","Anti-social behaviour","BT147PX"
"2017-11",-6.027908,54.562642,"LAURELBANK","Other theft","BT170RT"
"2017-10",-6.341752,54.176915,"MONAGHAN STREET","Anti-social behaviour","BT356AA"
"2017-05",-5.826402,54.636605,"DEMESNE GROVE","Anti-social behaviour","BT670DS"
"2016-03",-7.321935,54.996721,"MAGAZINE STREET","Criminal damage and arson","BT486HH"
"2015-08",-5.938036,54.625593,"SALISBURY AVENUE","Criminal damage and arson","BT155DY"
"2015-07",-5.833012,54.642806,"STEWART'S PLACE","Violence and sexual offences","BT189DX"
"2017-03",-6.777381,54.511701,"DALRIADA PARK","Criminal damage and arson","BT701QP"
"2015-09",-5.970727,54.630853,"BALLYSILLAN AVENUE","Criminal damage and arson","BT148HY"
"2015-05",-7.285434,54.989765,"BEAUFORT DRIVE","Anti-social behaviour","BT476FG"
"2017-06",-5.935304,54.623596,"GLANLEAM DRIVE","Drugs","BT153FL"
"2016-12",-6.351678,54.174185,"ALTMORE GARDENS","Violence and sexual offences","BT358EX"
"2016-06",-5.525457,54.488804,"RECTORY WAY","Anti-social behaviour","BT222QS"
"2017-01",-7.349377,54.997409,"RATHMORE PARK","Violence and sexual offences","BT489BT"
"2016-10",-6.351724,54.194581,"SANDY HILL","Violence and sexual offences","BT356BJ"
"2017-10",-5.889043,54.211988,"DOWNS ROAD","Anti-social behaviour","BT330AG"
"2016-06",-5.843698,54.847972,"MCGEAGH CLOSE","Anti-social behaviour","BT402NW"
"2015-07",-5.946576,54.615612,"HARCOURT DRIVE","Anti-social behaviour","BT146GS"
"2015-10",-7.264372,55.047983,"COOLEEN PARK","Criminal damage and arson","BT488AQ"
"2016-06",-5.954924,54.583767,"RUNNYMEDE DRIVE","Anti-social behaviour","BT126LZ"
"2017-11",-5.954585,54.576016,"LISBURN ROAD","Anti-social behaviour","BT97GY"
"2017-09",-5.973774,54.606959,"WEST CIRCULAR ROAD","Anti-social behaviour","BT133QA"
"2017-05",-5.928735,54.609953,"HARDINGE PLACE","Violence and sexual offences","BT152HX"
"2015-12",-5.932781,54.587541,"BOTANIC AVENUE","Other theft","BT71JL"
"2017-10",-5.918121,54.600758,"STATION STREET","Violence and sexual offences","BT39DA"
"2016-12",-5.924849,54.597496,"SEYMOUR STREET","Shoplifting","BT536JR"
"2016-06",-6.937259,55.068733,"LILAC AVENUE","Violence and sexual offences","BT490HS"
"2017-03",-5.811263,54.731476,"FULMAR AVENUE","Possession of weapons","BT283HS"
"2015-02",-7.327708,55.02803,"FERGLEEN PARK","Vehicle crime","BT488LE"
"2017-02",-7.282121,54.972319,"STONEBURN PLACE","Anti-social behaviour","BT473UZ"
"2016-10",-5.871341,54.593871,"ENID PARADE","Anti-social behaviour","BT56EL"
"2016-04",-6.042847,54.507043,"CROMMELIN PLACE","Violence and sexual offences","BT281YL"
"2017-07",-6.339843,54.459494,"JAMES STREET","Anti-social behaviour","BT781AP"
"2017-06",-6.666688,55.146209,"SHELL BRIDGE PARK","Bicycle theft","BT522HP"
"2016-10",-5.988236,54.072038,"MOURNEVIEW PARK","Violence and sexual offences","BT344NB"
"2017-10",-5.736139,54.550496,"DE WIND DRIVE","Criminal damage and arson","BT235BN"
"2016-04",-5.890202,54.213608,"BRYANSFORD GARDENS","Anti-social behaviour","BT330EQ"
"2016-08",-5.970064,54.600338,"SPRINGFIELD ROAD","Other theft","BT205BZ"
"2017-11",-6.327641,54.174384,"YEW TREE PARK","Violence and sexual offences","BT342QP"
"2017-02",-7.305876,55.040843,"BALLYARNETT VILLAGE","Violence and sexual offences","BT488SB"
"2016-03",-5.686117,54.665346,"DOWNSHIRE ROAD","Anti-social behaviour","BT189LX"
"2017-03",-6.217056,54.715161,"CASTLE WALK","Anti-social behaviour","BT414LT"
"2017-02",-7.539696,54.793562,"CLUNY GARDENS","Criminal damage and arson","BT829RL"
"2015-09",-5.715943,54.332736,"CHURCH STREET","Other theft","BT343HN"
"2015-06",-5.827858,54.646191,"SEAPARK AVENUE","Anti-social behaviour","BT180LL"
"2015-09",-5.48814,54.540045,"DEMESNE DRIVE","Anti-social behaviour","BT222UJ"
"2016-03",-7.635521,54.355822,"KILMACORMICK DRIVE","Violence and sexual offences","BT746EP"
"2015-08",-5.939744,54.616331,"BROOKHILL AVENUE","Other theft","BT146BS"
"2015-09",-6.525327,55.198785,"BALLYNESS PARK","Anti-social behaviour","BT513RR"
"2015-09",-7.316375,54.985551,"STRABANE OLD ROAD","Violence and sexual offences","BT472EG"
"2016-08",-5.863961,54.573155,"CASTLEHILL FARM","Criminal damage and arson","BT57GU"
"2017-09",-6.00256,54.064226,"NEWCASTLE STREET","Criminal damage and arson","BT344AF"
"2017-08",-6.819904,54.526641,"CASTLECAULFIELD ROAD","Anti-social behaviour","BT703HF"
"2017-06",-5.931754,54.598036,"FOUNTAIN STREET","Shoplifting","BT414BB"
"2017-04",-6.370997,54.850516,"BROOKFIELD GARDENS","Anti-social behaviour","BT421LW"
"2016-03",-5.812547,54.827154,"HAWTHORNE GROVE","Violence and sexual offences","BT403HE"
"2016-04",-6.412479,54.351048,"SINTON PARK","Violence and sexual offences","BT622BU"
"2015-04",-5.711182,54.326274,"JOHNS CRESCENT","Anti-social behaviour","BT306HU"
"2017-08",-5.886334,54.215805,"GOLF LINKS ROAD","Other theft","BT330AN"
"2017-01",-5.938064,54.626878,"ANTRIM ROAD","Other theft","BT152AH"
"2015-05",-5.963707,54.625371,"OLDPARK ROAD","Anti-social behaviour","BT146QS"
"2017-02",-6.080675,55.076908,"BALLYEMON ROAD","Criminal damage and arson","BT440SN"
"2015-04",-7.277115,55.005831,"GARVAGH COURT","Criminal damage and arson","BT476YH"
"2015-09",-6.308116,54.861488,"THE WILLOWS","Drugs","BT238FJ"
"2016-12",-6.408758,54.182123,"ST. OLIVER PLUNKETT PARK","Burglary","BT357JE"
"2015-06",-5.935346,54.613597,"HALLIDAYS ROAD","Drugs","BT152LR"
"2015-12",-5.917825,54.598669,"LAGANVIEW COURT","Anti-social behaviour","BT54AR"
"2017-01",-5.930446,54.599424,"ROYAL AVENUE","Anti-social behaviour","BT11DD"
"2017-11",-5.905018,54.584988,"CHESHAM GROVE","Violence and sexual offences","BT68GU"
"2015-12",-7.32179,54.998831,"SACKVILLE STREET","Anti-social behaviour","BT487BQ"
"2016-06",-5.92721,54.551326,"CASTLEHUME GARDENS","Violence and sexual offences","BT87FD"
"2015-11",-5.938273,54.550194,"MOYLE WALK","Anti-social behaviour","BT87ER"
"2016-03",-5.93075,54.60014,"BERRY STREET","Other crime","BT11FJ"
"2016-10",-6.650636,55.138962,"BLACKTHORN COURT","Violence and sexual offences","BT522EX"
"2015-03",-6.333546,54.179102,"SANDYS STREET","Criminal damage and arson","BT341EN"
"2017-02",-7.023332,54.928808,"COLUMBIA PARK","Violence and sexual offences","BT474PD"
"2016-12",-7.332748,55.005188,"ERNEST STREET","Violence and sexual offences","BT480HB"
"2017-03",-7.340093,55.001384,"FOREST PARK","Anti-social behaviour","BT358ST"
"2017-07",-7.611576,54.35881,"COA ROAD","Violence and sexual offences","BT744AD"
"2016-11",-7.560129,54.358319,"TATTYGARE ROAD","Anti-social behaviour","BT945FB"
"2015-02",-6.02433,54.555099,"GLASVEY WALK","Violence and sexual offences","BT170DE"
"2017-06",-6.273808,54.858867,"CASEMENT STREET","Anti-social behaviour","BT424BY"
"2015-09",-6.346208,54.185754,"COLLEGE GARDENS","Vehicle crime","BT356DR"
"2016-08",-5.894829,54.58128,"THE VILLAGE GREEN","Other theft","BT473WB"
"2016-07",-5.797328,54.601351,"DUNLADY MANOR","Anti-social behaviour","BT161YR"
"2017-02",-5.822522,54.852015,"ST JOHNS PLACE","Other theft","BT73HA"
"2017-03",-5.924348,54.611594,"MIDLAND TERRACE","Violence and sexual offences","BT151FB"
"2017-07",-6.267384,54.351244,"CASTLEWELLAN ROAD","Violence and sexual offences","BT308RD"
"2016-11",-5.861438,54.59711,"WANDSWORTH PARADE","Anti-social behaviour","BT43FW"
"2015-06",-6.456479,54.430683,"GARVAGHY CLOSE","Anti-social behaviour","BT621HF"
"2016-08",-5.896888,54.595054,"AVONIEL ROAD","Anti-social behaviour","BT54SE"
"2015-06",-5.896489,54.591983,"BEERSBRIDGE ROAD","Drugs","BT55DY"
"2015-09",-7.296888,54.995851,"LINCOLN COURT","Anti-social behaviour","BT475NX"
"2017-07",-6.370055,54.467605,"KNOCKRAMER MEADOWS","Anti-social behaviour","BT666SA"
"2015-09",-6.215379,54.730005,"KINTYRE","Violence and sexual offences","BT412AN"
"2016-08",-6.683007,55.125033,"THE ROPE WALK","Anti-social behaviour","BT513BS"
"2015-12",-6.256498,54.464753,"ELM HURST","Violence and sexual offences","BT670QH"
"2017-06",-7.457839,54.822975,"ORCHARD STREET","Violence and sexual offences","BT486XY"
"2017-01",-5.815061,54.854639,"ALEXANDRA CRESCENT","Violence and sexual offences","BT401NE"
"2015-01",-5.95204,54.66708,"MORELAND AVENUE","Violence and sexual offences","BT367RQ"
"2015-05",-7.431432,54.509575,"FINTONA ROAD","Violence and sexual offences","BT760TG"
"2015-07",-6.767763,54.503446,"PARK ROAD","Drugs","BT621BH"
"2015-09",-6.153519,54.072273,"KILLOWEN OLD ROAD","Anti-social behaviour","BT343AD"
"2015-03",-6.71841,55.183019,"THE PROMENADE","Violence and sexual offences","BT557AE"
"2017-06",-6.342173,54.46825,"ALBERT AVENUE","Criminal damage and arson","BT666JQ"
"2017-03",-5.815485,54.826344,"GLENBURN ROAD","Criminal damage and arson","BT234HG"
"2015-06",-5.947897,54.609363,"TUDOR GROVE","Burglary","BT131PH"
"2016-05",-6.43329,54.427761,"BRIDGE STREET","Shoplifting","BT281XZ"
"2016-03",-6.775254,54.500719,"BEECHVALLEY","Violence and sexual offences","BT717BN"
"2016-08",-5.928741,54.597032,"DONEGALL SQUARE EAST","Anti-social behaviour","BT15HD"
"2016-12",-5.658935,54.648236,"SOUTH CIRCULAR ROAD","Anti-social behaviour","BT197HB"
"2017-05",-6.115547,54.547085,"BALLYCLOUGH ROAD","Other theft","BT283UY"
"2016-12",-7.336237,54.988895,"IONA COURT","Robbery","BT486LG"
"2016-07",-5.971691,54.625802,"SILVERSTREAM AVENUE","Anti-social behaviour","BT203LP"
"2017-03",-5.794168,54.739783,"COPPERWOOD DRIVE","Violence and sexual offences","BT389EX"
"2016-01",-5.946066,54.613456,"SOUTHPORT COURT","Other theft","BT146GF"
"2015-05",-6.01547,54.572654,"GLENTIES DRIVE","Anti-social behaviour","BT119HT"
"2015-07",-7.317373,55.010537,"STRAND ROAD","Anti-social behaviour","BT487AD"
"2017-07",-5.546174,54.381798,"THE SQUARE","Violence and sexual offences","BT717SG"
"2017-10",-5.926655,54.593618,"JOY STREET","Anti-social behaviour","BT28LE"
"2017-03",-5.888655,54.59598,"BLOOMFIELD AVENUE","Violence and sexual offences","BT55AB"
"2016-03",-6.62214,54.262883,"NEWTOWNHAMILTON ROAD","Burglary","BT602RE"
"2017-12",-6.69121,54.446455,"THE SQUARE","Violence and sexual offences","BT717SG"
"2015-04",-7.33909,54.993994,"INISCARN CRESCENT","Criminal damage and arson","BT489PY"
"2015-01",-6.352745,54.183544,"FIRST AVENUE","Anti-social behaviour","BT356EZ"
"2015-10",-5.916118,54.579079,"NORTH PARADE","Anti-social behaviour","BT72GJ"
"2017-07",-5.767233,54.257883,"BALLYDONNELL ROAD","Burglary","BT308EP"
"2017-10",-6.360837,54.438533,"LARKFIELD MEADOWS","Criminal damage and arson","BT655JB"
"2017-07",-5.894799,54.576769,"PICARDY AVENUE","Vehicle crime","BT69JB"
"2015-04",-6.326925,54.176934,"BALLYHOLLAND PARK","Other theft","BT342BD"
"2016-08",-5.897282,54.107728,"MAIN STREET","Anti-social behaviour","BT936HW"
"2015-01",-7.339389,54.99767,"MALIN GARDENS","Anti-social behaviour","BT489NH"
"2016-09",-6.560228,54.95551,"CLARAGH HILL GARDENS","Violence and sexual offences","BT515YP"
"2015-04",-5.663864,54.637405,"RATHGILL GREEN","Anti-social behaviour","BT197TX"
"2017-03",-5.927533,54.599788,"HIGH STREET","Shoplifting","BT248AB"
"2015-06",-7.29965,54.993405,"ROSSDOWNEY GARDENS","Anti-social behaviour","BT475PW"
"2015-10",-6.447324,54.424609,"PARK ROAD","Anti-social behaviour","BT621BH"
"2016-01",-5.873585,54.582274,"ORBY CLOSE","Other theft","BT56BP"
"2017-07",-6.28977,54.871401,"WESTBOURNE AVENUE","Violence and sexual offences","BT435LW"
"2015-05",-5.924925,54.599348,"UPPER CHURCH LANE","Criminal damage and arson","BT635JE"
"2015-11",-5.714324,54.315371,"ARDILEA PARK","Criminal damage and arson","BT306QA"
"2015-11",-5.847223,54.594351,"UPPER NEWTOWNARDS ROAD","Burglary","BT43NW"
"2016-10",-6.588717,54.130153,"SLATEQUARRY ROAD","Burglary","BT350PX"
"2017-08",-5.907084,54.573667,"KNOCK EDEN GROVE","Anti-social behaviour","BT60GH"
"2015-10",-5.922125,54.602355,"DONEGALL QUAY","Anti-social behaviour","BT13NJ"
"2017-07",-6.377542,54.44485,"DRUMGOR PARK","Anti-social behaviour","BT654AH"
"2017-09",-5.884462,54.223023,"DUNDRUM ROAD","Drugs","BT330LN"
"2015-12",-5.868589,54.232591,"DUNDRUM ROAD","Violence and sexual offences","BT330LN"
"2016-05",-6.440816,54.41218,"TANDRAGEE ROAD","Violence and sexual offences","BT623BQ"
"2016-07",-5.696792,54.647641,"CRAIGBOY PARK","Criminal damage and arson","BT191QN"
"2016-04",-5.90057,54.557479,"GLENHOLM AVENUE","Violence and sexual offences","BT86LU"
"2017-11",-6.816015,54.694419,"BALLYNAGILLY ROAD","Anti-social behaviour","BT809SX"
"2017-01",-6.332689,54.478039,"FOX'S HILL","Anti-social behaviour","BT679EZ"
"2015-08",-5.670828,54.644026,"BALLOO LINK","Shoplifting","BT197HJ"
"2017-05",-6.786442,55.166181,"SEA ROAD","Anti-social behaviour","BT514TW"
"2016-03",-5.848846,54.259467,"DROMARA ROAD","Anti-social behaviour","BT266PE"
"2017-04",-5.825954,54.852768,"GARDENMORE PLACE","Violence and sexual offences","BT401SE"
"2016-06",-5.946895,54.587755,"PANDORA STREET","Violence and sexual offences","BT125PR"
"2016-04",-6.322536,54.750456,"PORTGLENONE ROAD","Violence and sexual offences","BT413BE"
"2016-02",-6.429352,54.424762,"GILFORD ROAD","Anti-social behaviour","BT667AH"
"2015-01",-5.816553,54.856427,"SALLAGH PARK SOUTH","Shoplifting","BT401NR"
"2016-11",-5.94352,54.61574,"CLIFTON DRIVE","Anti-social behaviour","BT146LG"
"2017-06",-5.976179,54.676354,"SANDYKNOWES AVENUE","Criminal damage and arson","BT365DQ"
"2015-03",-5.98124,54.582457,"LAKE GLEN DRIVE","Anti-social behaviour","BT118TF"
"2017-10",-5.701912,54.601113,"ELM DRIVE","Anti-social behaviour","BT234HF"
"2015-03",-6.950893,55.051406,"CONNELL STREET CAR PARK","Burglary","BT490DB"
"2017-06",-5.971399,54.692914,"BALLYCLARE ROAD","Anti-social behaviour","BT365EA"
"2015-11",-6.455132,54.421447,"WEST STREET","Violence and sexual offences","BT389HR"
"2017-02",-6.181398,54.388263,"GOWDYSTOWN ROAD","Anti-social behaviour","BT324HH"
"2016-06",-5.923638,54.62372,"NORTHWOOD PARADE","Anti-social behaviour","BT153QJ"
"2017-12",-7.322244,54.996974,"WATERLOO STREET","Violence and sexual offences","BT486HE"
"2016-01",-5.933006,54.587985,"BOTANIC AVENUE","Violence and sexual offences","BT71JL"
"2017-01",-5.719564,54.325094,"MARKET STREET","Other theft","BT622BP"
"2016-03",-6.04846,54.512372,"MCKEOWN STREET","Other theft","BT281BD"
"2015-05",-5.928343,54.594204,"ADELAIDE STREET","Anti-social behaviour","BT28FF"
"2015-10",-6.001941,54.753763,"RASHEE ROAD","Violence and sexual offences","BT399HT"
"2015-01",-5.897424,54.594866,"HAIG STREET","Anti-social behaviour","BT54QX"
"2017-04",-5.88535,54.239851,"FLUSH ROAD","Burglary","BT148SJ"
"2017-07",-6.260527,54.42031,"MAIN STREET","Anti-social behaviour","BT936HW"
"2016-04",-6.034019,54.508904,"SLOAN STREET","Anti-social behaviour","BT275AG"
"2015-11",-7.31798,54.995944,"FOYLE STREET","Violence and sexual offences","BT486XY"
"2016-07",-6.32366,54.757462,"TRESNA PARK","Anti-social behaviour","BT413HH"
"2015-01",-6.340907,54.174298,"CORN MARKET","Shoplifting","BT358BG"
"2017-01",-6.273808,54.858867,"CASEMENT STREET","Anti-social behaviour","BT424BY"
"2017-03",-5.675242,54.469665,"STRANGFORD VIEW","Violence and sexual offences","BT222SE"
"2016-06",-5.953017,54.583528,"DONEGALL AVENUE","Anti-social behaviour","BT126LX"
"2016-06",-6.231232,54.346398,"LISNAREE ROAD","Anti-social behaviour","BT324JU"
"2017-05",-6.017252,54.57289,"CARRIGART AVENUE","Anti-social behaviour","BT119HU"
"2016-09",-5.979746,54.582944,"GLEN PARADE","Violence and sexual offences","BT118FD"
"2017-02",-5.959712,54.591341,"BROADWAY","Drugs","BT126HQ"
"2017-04",-5.930261,54.598181,"DONEGALL PLACE","Other theft","BT15AB"
"2017-09",-5.973875,54.585604,"FALLS ROAD","Anti-social behaviour","BT119AB"
"2015-01",-6.272986,54.867893,"BROUGHSHANE STREET","Violence and sexual offences","BT436EE"
"2017-12",-6.152914,54.415747,"BEECH GROVE","Violence and sexual offences","BT179PU"
"2017-10",-6.755783,54.648088,"WESTLAND ROAD","Anti-social behaviour","BT624DE"
"2017-09",-5.53489,54.485959,"BOYD AVENUE","Vehicle crime","BT222SW"
"2015-06",-6.667715,54.851342,"ROWAN GLYNN","Anti-social behaviour","BT465FG"
"2015-04",-6.3124,54.37686,"BARRACK HILL","Violence and sexual offences","BT601BL"
"2015-02",-5.697009,54.59393,"LOWER MARY STREET","Violence and sexual offences","BT234JH"
"2017-02",-6.047749,54.504939,"ELMWOOD DRIVE","Criminal damage and arson","BT203LJ"
"2017-12",-6.069324,54.524451,"BALLYMACASH DRIVE","Violence and sexual offences","BT283EU"
"2015-02",-5.94855,54.607765,"HAZELFIELD STREET","Violence and sexual offences","BT131NL"
"2016-12",-6.503255,54.240558,"MOSSFIELD ESTATE","Anti-social behaviour","BT602JF"
"2017-12",-6.330872,54.46168,"MARKET STREET","Shoplifting","BT622BP"
"2017-09",-7.295254,54.600677,"CAMPSIE ROAD","Drugs","BT790AG"
"2015-10",-7.462486,54.377238,"CHURCH VIEW","Criminal damage and arson","BT189DP"
"2015-03",-5.937639,54.584479,"ELMWOOD AVENUE","Other theft","BT96AZ"
"2017-11",-6.320283,54.44873,"SANDHILL PARK","Anti-social behaviour","BT56DR"
"2015-01",-5.85716,54.616685,"GLENLUCE DRIVE","Anti-social behaviour","BT42QN"
"2015-05",-5.97226,54.630241,"BALLYSILLAN AVENUE","Anti-social behaviour","BT148HY"
"2016-12",-5.933011,54.599199,"QUEEN STREET","Shoplifting","BT422BQ"
"2017-05",-5.975321,54.519957,"DRUMBO ROAD","Anti-social behaviour","BT275TX"
"2017-08",-6.41769,54.44912,"CARN ROAD","Anti-social behaviour","BT358QZ"
"2015-08",-6.219493,54.727173,"THE ISLES","Anti-social behaviour","BT414JR"
"2017-03",-5.899854,54.586435,"WOODSTOCK ROAD","Criminal damage and arson","BT69DR"
"2016-07",-5.82941,54.730077,"HILLVIEW COURT","Burglary","BT388YU"
"2017-02",-7.321576,54.997635,"WILLIAM STREET","Violence and sexual offences","BT486EP"
"2015-05",-6.261242,54.857385,"MEADOWVALE","Violence and sexual offences","BT667RL"
"2016-12",-5.95079,54.598612,"CONWAY STREET","Criminal damage and arson","BT132DE"
"2017-09",-6.349241,54.459731,"ASHWOOD","Anti-social behaviour","BT668PF"
"2016-06",-6.221368,54.715206,"MARKET SQUARE","Anti-social behaviour","BT414DN"
"2017-01",-5.685271,54.655418,"BELFAST ROAD","Other theft","BT248EB"
"2015-10",-6.333333,54.532745,"LOUGHVIEW","Violence and sexual offences","BT670EJ"
"2017-11",-5.65937,54.6474,"BLOOMFIELD ROAD SOUTH","Anti-social behaviour","BT197HR"
"2017-04",-6.453526,54.413763,"DORCHESTER PARK","Burglary","BT623EA"
"2015-08",-6.610359,54.755642,"RAINEY STREET","Anti-social behaviour","BT455AH"
"2016-04",-5.994781,54.74935,"GLEN MEWS","Anti-social behaviour","BT399GH"
"2016-09",-5.632364,54.662563,"BALLYMACONNELL ROAD","Anti-social behaviour","BT205PN"
"2015-07",-6.370253,54.449055,"LEGAHORY CENTRE","Other theft","BT655BE"
"2016-02",-5.712967,54.328456,"CROFT CLOSE","Violence and sexual offences","BT440EW"
"2016-12",-7.488588,54.453685,"WOODVIEW CRESCENT","Anti-social behaviour","BT281LF"
"2015-09",-7.323437,55.017066,"BUNCRANA ROAD","Shoplifting","BT488LB"
"2017-05",-6.033888,54.561095,"GLENKEEN","Anti-social behaviour","BT413JX"
"2016-03",-6.672569,54.790289,"QUARRY ROAD","Violence and sexual offences","BT458NS"
"2017-12",-6.168122,54.235892,"CHAPEL FIELDS","Drugs","BT345AG"
"2015-12",-5.933132,54.606883,"CLIFTON HOUSE MEWS","Burglary","BT151EA"
"2016-04",-6.007099,54.060366,"SPELGA PLACE","Criminal damage and arson","BT344BX"
"2017-12",-5.932228,54.259516,"STATION ROAD","Other theft","BT41RF"
"2016-10",-5.897518,54.402772,"HIGH STREET","Anti-social behaviour","BT248AB"
"2015-11",-5.945667,54.61707,"GLENARD BROOK","Vehicle crime","BT146LW"
"2015-01",-7.154623,54.911925,"MAIN STREET","Violence and sexual offences","BT936HW"
"2017-04",-5.938663,54.60403,"SHANKILL TERRACE","Anti-social behaviour","BT131EN"
"2017-04",-5.803755,54.653564,"DALCHOOLIN","Anti-social behaviour","BT180HR"
"2015-07",-6.456129,54.412539,"BROWNSTOWN ROAD","Shoplifting","BT623PZ"
"2017-03",-6.515408,55.068083,"MEETING HOUSE STREET","Violence and sexual offences","BT210HJ"
"2017-06",-5.922012,54.628877,"OAKMOUNT DRIVE","Shoplifting","BT153RE"
"2015-03",-5.931754,54.598036,"FOUNTAIN STREET","Shoplifting","BT414BB"
"2015-07",-6.332204,54.4623,"MARKET STREET","Violence and sexual offences","BT622BP"
"2015-09",-6.436459,55.079842,"KILLYRAMMER ROAD","Anti-social behaviour","BT538LZ"
"2016-11",-5.83069,54.460525,"BELFAST ROAD","Violence and sexual offences","BT248EB"
"2015-05",-7.164345,54.414999,"FERNDALE","Anti-social behaviour","BT829TH"
"2016-06",-6.044693,54.508484,"IVAN STREET","Drugs","BT281YN"
"2016-04",-7.626307,54.349128,"CHANTERHILL ROAD","Anti-social behaviour","BT746DE"
"2016-05",-6.06254,54.51082,"DONARD DRIVE","Drugs","BT281UU"
"2016-12",-5.823383,54.853665,"ELIZABETH AVENUE","Drugs","BT387EP"
"2016-11",-5.866017,54.578789,"CASTLEVIEW COURT","Anti-social behaviour","BT797RD"
"2016-10",-5.925568,54.590059,"COYLES PLACE","Drugs","BT71EL"
"2016-05",-5.886986,54.592042,"WOODCOT AVENUE","Anti-social behaviour","BT55JB"
"2017-08",-6.029115,54.579589,"HAWTHORN VIEW","Anti-social behaviour","BT170RN"
"2017-09",-6.41671,54.423762,"ABERCORN PARK","Criminal damage and arson","BT635JW"
"2017-11",-7.223225,54.488563,"RAVEAGH ROAD","Burglary","BT781UZ"
"2016-04",-6.441483,54.423833,"BRIDGE STREET","Criminal damage and arson","BT281XZ"
"2015-11",-7.637949,54.354293,"DRUMGAY CLOSE","Anti-social behaviour","BT746EE"
"2017-02",-5.913894,54.569337,"ORMEAU ROAD","Public order","BT73GA"
"2016-04",-6.527885,55.079167,"BALLYCORMICK PARK","Anti-social behaviour","BT536QE"
"2015-03",-5.685179,54.642037,"LAUREL WOOD","Criminal damage and arson","BT282GQ"
"2015-06",-5.879175,54.585445,"HOUSTON GARDENS","Other theft","BT56AU"
"2017-03",-6.166811,54.237777,"ULSTER AVENUE","Anti-social behaviour","BT344TX"
"2015-12",-6.713279,55.184906,"LEVER ROAD","Drugs","BT557EE"
"2016-12",-5.923999,54.598389,"VICTORIA SQUARE","Violence and sexual offences","BT14QG"
"2016-05",-6.179095,54.707597,"ABBEYFIELD PARK","Violence and sexual offences","BT412DH"
"2016-11",-6.334222,54.193541,"SPRING HILL COURT","Other theft","BT341AS"
"2017-09",-7.459709,54.823935,"MILL STREET","Anti-social behaviour","BT941GR"
"2016-03",-7.307808,54.985996,"GELVIN GARDENS","Anti-social behaviour","BT472DQ"
"2015-11",-5.937749,54.582001,"WELLESLEY AVENUE","Anti-social behaviour","BT96DG"
"2017-07",-6.438146,54.425694,"BRIDGE STREET","Anti-social behaviour","BT281XZ"
"2017-08",-7.320197,55.007131,"ROCK TERRACE","Violence and sexual offences","BT487NX"
"2015-12",-5.921304,54.640931,"SHORE CRESCENT","Anti-social behaviour","BT154JS"
"2015-08",-6.934019,55.051655,"BELLS HILL","Burglary","BT490DQ"
"2016-07",-6.653657,54.345886,"DOBBIN STREET","Anti-social behaviour","BT617QQ"
"2016-12",-5.862986,54.577891,"BRANIEL CRESCENT","Violence and sexual offences","BT57JW"
"2016-07",-6.927537,54.931755,"LACKAGH PARK","Violence and sexual offences","BT474ND"
"2015-01",-5.946786,54.666443,"COLLINWARD AVENUE","Violence and sexual offences","BT366DY"
"2017-07",-5.932751,54.111551,"OLDTOWN LANE","Violence and sexual offences","BT344XF"
"2017-09",-7.626352,54.342453,"WICKHAM PLACE","Anti-social behaviour","BT746HY"
"2015-10",-6.276755,54.863527,"BRIDGE STREET","Anti-social behaviour","BT281XZ"
"2017-12",-7.312827,55.029555,"MEENALECK WALK","Anti-social behaviour","BT488HL"
"2015-11",-6.638605,55.199357,"SUNNYVALE AVENUE","Violence and sexual offences","BT568JH"
"2016-06",-5.717439,54.327381,"MARKET STREET","Anti-social behaviour","BT622BP"
"2016-12",-5.543164,54.638079,"BEECHFIELD DRIVE","Violence and sexual offences","BT210BA"
"2015-04",-5.544579,54.384273,"BURN BRAE","Anti-social behaviour","BT221LZ"
"2015-06",-6.207569,54.496247,"LISNABILLA ROAD","Other theft","BT670JW"
"2017-12",-6.081318,54.521659,"WINDERMERE AVENUE","Criminal damage and arson","BT282WX"
"2015-06",-6.4311,54.420958,"LEVAGHERY CLOSE","Burglary","BT635HL"
"2017-05",-5.932013,54.610629,"DUNCAIRN PARADE","Violence and sexual offences","BT152EU"
"2017-10",-5.934292,54.600173,"BERRY STREET","Shoplifting","BT11FJ"
"2015-08",-7.34175,55.0166,"SPRINGVALE PARK","Criminal damage and arson","BT480NY"
"2016-03",-6.030979,54.567238,"SPRINGBANK DRIVE","Anti-social behaviour","BT170QN"
"2015-01",-5.88865,54.593078,"BEERSBRIDGE ROAD","Anti-social behaviour","BT55DY"
"2016-04",-6.27476,54.350308,"SCARVA WALK","Violence and sexual offences","BT323AB"
"2017-10",-7.591621,54.713305,"CASTLEFINN PARK","Violence and sexual offences","BT817HH"
"2017-08",-5.897518,54.402772,"HIGH STREET","Anti-social behaviour","BT248AB"
"2017-06",-5.95062,54.670956,"CHURCH DRIVE","Anti-social behaviour","BT366EX"
"2017-08",-5.93162,54.539631,"BALLYCOAN ROAD","Violence and sexual offences","BT88LP"
"2015-04",-5.82715,54.589769,"KINROSS AVENUE","Criminal damage and arson","BT57GE"
"2015-12",-5.662892,54.592251,"ABBOT CLOSE","Anti-social behaviour","BT238XS"
"2017-09",-6.719808,55.183007,"THE CRESCENT","Other theft","BT522DS"
"2016-03",-7.344984,55.019609,"YEATS COURT","Criminal damage and arson","BT480PL"
"2016-03",-6.598351,54.750725,"KILLOWEN DRIVE","Criminal damage and arson","BT456DT"
"2017-05",-5.926267,54.633828,"LOWWOOD GARDENS","Other theft","BT154BE"
"2017-01",-5.933314,54.588629,"BOTANIC AVENUE","Anti-social behaviour","BT71JL"
"2015-03",-6.339799,54.173671,"MILL STREET","Other theft","BT941GR"
"2016-09",-7.31749,54.379272,"TUDOR PARK","Anti-social behaviour","BT364FT"
"2016-04",-6.377568,54.447312,"ENNISKEEN","Violence and sexual offences","BT654AB"
"2016-04",-5.528995,54.608362,"MOSS ROAD","Violence and sexual offences","BT222DS"
"2016-01",-5.82907,54.455581,"LISTOODER PARK","Other theft","BT247HY"
"2015-08",-5.974018,54.677396,"ANTRIM ROAD","Anti-social behaviour","BT152AH"
"2016-11",-5.901971,54.58047,"HADDINGTON GARDENS","Anti-social behaviour","BT60AN"
"2015-09",-5.739851,54.554654,"DARRAGH ROAD","Criminal damage and arson","BT309NP"
"2015-04",-6.64564,54.348384,"VICTORIA STREET","Anti-social behaviour","BT679DG"
"2017-02",-5.978141,54.580374,"BLACKSTAFF ROAD","Anti-social behaviour","BT119DT"
"2015-04",-7.322244,54.996974,"WATERLOO STREET","Other crime","BT486HE"
"2017-11",-6.410471,54.355245,"AUSTIN DRIVE","Anti-social behaviour","BT622AS"
"2017-06",-6.46079,54.421762,"ARDMORE CRESCENT","Other theft","BT624DU"
"2016-07",-6.440131,54.420886,"HARFORD STREET","Anti-social behaviour","BT623AA"
"2017-08",-6.688367,54.977685,"CARHILL COURT","Anti-social behaviour","BT515AR"
"2017-04",-5.948555,54.664865,"HORIZON MEWS","Anti-social behaviour","BT366FJ"
"2015-02",-6.946029,55.052514,"ALEXANDER ROAD","Violence and sexual offences","BT490BW"
"2015-07",-5.90433,54.597483,"THISTLE COURT","Criminal damage and arson","BT54EJ"
"2016-06",-5.96097,54.596502,"IRIS STREET","Anti-social behaviour","BT127AR"
"2015-02",-5.961185,54.610773,"BRAY STREET","Criminal damage and arson","BT133JB"
"2016-08",-6.188447,54.712913,"RATHMORE GARDENS","Anti-social behaviour","BT411JQ"
"2015-07",-6.788278,54.791895,"GLENELLY VILLAS","Violence and sexual offences","BT457AX"
"2015-07",-5.892235,54.220643,"BALLAGHBEG PARK","Anti-social behaviour","BT330BU"
"2017-06",-5.905926,54.211591,"TULLYBRANNIGAN CRESCENT","Anti-social behaviour","BT330TP"
"2017-07",-5.973182,54.598944,"WEST CIRCULAR ROAD","Vehicle crime","BT133QA"
"2017-12",-5.716689,54.327879,"MARKET LANE","Other crime","BT281YG"
"2017-06",-5.913227,54.603864,"QUEENS ROAD","Anti-social behaviour","BT39FB"
"2017-06",-5.934292,54.600173,"BERRY STREET","Anti-social behaviour","BT11FJ"
"2016-10",-5.96098,54.59289,"DAIRY STREET","Violence and sexual offences","BT57GJ"
"2015-06",-6.176127,54.55097,"TEMPLE ROAD","Violence and sexual offences","BT282PD"
"2017-05",-5.685828,54.591363,"UPPER GREENWELL STREET","Burglary","BT238LY"
"2017-06",-6.250994,55.200567,"CASTLE STREET","Violence and sexual offences","BT307QQ"
"2015-01",-6.003185,54.755958,"MARGARET AVENUE","Anti-social behaviour","BT536BY"
"2016-02",-5.983229,54.580387,"ANDERSONSTOWN PARK","Anti-social behaviour","BT118FG"
"2016-02",-6.1781,54.704878,"HAWTHORNDEN","Violence and sexual offences","BT412BD"
"2016-05",-5.93426,54.587063,"UPPER CRESCENT","Anti-social behaviour","BT235BH"
"2015-11",-6.283349,54.863764,"GALGORM ROAD","Anti-social behaviour","BT421AA"
"2015-06",-5.842621,54.631315,"JACKSON'S ROAD","Anti-social behaviour","BT189EZ"
"2017-02",-6.510755,55.075347,"THE CRESCENT","Drugs","BT522DS"
"2016-03",-5.92721,54.551326,"CASTLEHUME GARDENS","Violence and sexual offences","BT87FD"
"2017-07",-5.807505,54.59486,"UPPER NEWTOWNARDS ROAD","Anti-social behaviour","BT43NW"
"2016-09",-6.586619,54.503125,"DERRYANE ROAD","Anti-social behaviour","BT716PD"
"2015-08",-7.281825,54.609348,"KNOCKSHEE PARK","Criminal damage and arson","BT797PH"
"2016-10",-7.719168,54.691849,"DERRYGOONAN ROAD","Criminal damage and arson","BT817AX"
"2015-01",-6.192257,54.509883,"WILLOW LODGE","Violence and sexual offences","BT282WL"
"2015-11",-6.37237,54.186228,"MONINNA PARK","Criminal damage and arson","BT358PP"
"2016-08",-7.277917,54.998614,"DURHAM PARK","Shoplifting","BT475YD"
"2015-08",-5.961905,54.590497,"IVEAGH CRESCENT","Criminal damage and arson","BT126AW"
"2016-05",-6.678732,55.132021,"CAPTAIN STREET LOWER","Criminal damage and arson","BT513DT"
"2015-03",-5.924849,54.597496,"SEYMOUR STREET","Other theft","BT536JR"
"2017-04",-7.317437,55.013179,"PENNYBURN COURT","Shoplifting","BT480RT"
"2017-04",-6.787462,54.790566,"GLENELLY VILLAS","Anti-social behaviour","BT457AX"
"2016-08",-5.970055,54.567237,"LISBURN ROAD","Anti-social behaviour","BT97GY"
"2017-04",-6.00513,54.549734,"AUBURN PLACE","Anti-social behaviour","BT179AQ"
"2015-01",-5.854652,54.594322,"KNOCK ROAD","Burglary","BT56LA"
"2016-12",-6.529672,54.321501,"MULLAGHBRACK TERRACE","Vehicle crime","BT601QH"
"2017-02",-6.142643,54.413936,"PRIMROSE HILL","Violence and sexual offences","BT760AF"
"2017-07",-5.970101,54.611094,"GLENCAIRN CRESCENT","Violence and sexual offences","BT133LX"
"2016-01",-5.930117,54.652844,"MULDERG DRIVE","Anti-social behaviour","BT367JY"
"2017-08",-5.928592,54.599366,"CORN MARKET","Other theft","BT358BG"
"2017-10",-6.359474,54.37352,"DUNBARTON STREET","Violence and sexual offences","BT636HJ"
"2016-01",-5.958078,54.597405,"SPRINGFIELD ROAD","Violence and sexual offences","BT205BZ"
"2017-06",-6.216725,54.644206,"CRUMLIN ROAD","Criminal damage and arson","BT147EA"
"2016-06",-6.349073,54.177294,"WOODHILL","Bicycle theft","BT358DP"
"2016-04",-5.666548,54.664629,"CROSBY STREET","Violence and sexual offences","BT132HJ"
"2015-07",-5.952162,54.599641,"FALLS COURT","Criminal damage and arson","BT132SW"
"2015-04",-5.928966,54.58346,"RUGBY STREET","Violence and sexual offences","BT71PX"
"2016-09",-7.650937,54.720542,"MAGHERENNY ROAD","Anti-social behaviour","BT817TX"
"2016-04",-5.907492,54.596783,"HARPER STREET","Other crime","BT54EN"
"2015-06",-6.446787,54.421691,"MANDEVILLE STREET","Violence and sexual offences","BT623PB"
"2016-03",-6.001451,54.547841,"BEATTIE PARK NORTH","Violence and sexual offences","BT179BG"
"2016-04",-5.927099,54.601937,"HILL STREET","Drugs","BT12LB"
"2015-06",-5.926512,54.597057,"MONTGOMERY STREET","Drugs","BT14NX"
"2015-05",-5.986652,54.585314,"DOWNFINE WALK","Drugs","BT118NX"
"2017-09",-5.920169,54.594289,"STANFIELD ROW","Violence and sexual offences","BT72HA"
"2017-06",-5.982768,54.625394,"NEW FARM LANE","Criminal damage and arson","BT148QQ"
"2017-02",-6.341027,54.461505,"SLOANHILL MEWS","Anti-social behaviour","BT668NP"
"2015-04",-6.030235,54.557019,"WOODSIDE VIEW","Violence and sexual offences","BT170ST"
"2015-04",-6.328364,54.477413,"NORTH CIRCULAR ROAD","Drugs","BT679EB"
"2017-09",-6.668697,55.132495,"CHURCH LANE","Shoplifting","BT14QN"
"2016-10",-7.281825,54.609348,"KNOCKSHEE PARK","Anti-social behaviour","BT797PH"
"2016-12",-5.979075,54.56401,"UPPER LISBURN ROAD","Other theft","BT100LA"
"2017-12",-6.447077,54.42218,"WEST STREET","Violence and sexual offences","BT389HR"
